AC#,SID,Name,Street #,Streeet Name,City,S-Date,Mo-Cost,E-Date,S_time,Br,Rte#,Stp#,Mon,Tue,Wed,Thu,Fri,Sat,Sun,Wk-Cost
89101 ,   1,CARDINAL DISTRIBUTION         ,27680  ,AVE MENTRY       ,VALENCIA        ,010189,       .00 ,      ,22.45 ,04,05  ,05A,Y,Y,Y,Y,Y,N,N,    .00 
89101 ,   2,AMFAC DRUG SUPPLY             ,15401  ,COBALT           ,SYLMAR          ,010189,   3250.00 ,030193,0.00,05,FAC ,106,Y,Y,Y,Y,Y,N,N,    .00 
89111 ,   3,BANK OF AMERICA               ,1000  W,TEMPLE ST        ,LOS ANGELES     ,081489,    203.60 ,012797, 8.30 ,02,29A ,16 ,Y,Y,Y,Y,N,Y,N,    .00 
89111 ,   5,FEDERAL RESERVE               ,950   S,GRAND AVE        ,LOS ANGELES     ,051892,    203.60 ,012797,23.36 ,02,29A ,10F,Y,Y,Y,Y,Y,N,N,    .00 
89111 ,   7,I D S 600AM                   ,1504   ,COLUMBIA AVE     ,RIVERSIDE       ,110192,       .00 ,092297, 6.10 ,02,91  ,02A,Y,Y,Y,Y,Y,N,N,    .00 
89111 ,   8,CITY NATIONAL BANK            ,1485   ,UNIVERSITY AVE   ,RIVERSIDE       ,110192,     97.99 ,092297, 7.10 ,02,91  ,03A,Y,Y,Y,Y,Y,N,N,    .00 
89111 ,   9,CITY NATIONAL BANK            ,10725  ,MAGNOLIA AVE     ,RIVERSIDE       ,110192,     97.99 ,020998,10.55 ,02,91B ,01A,Y,Y,Y,Y,Y,N,N,    .00 
89111 ,  10,CITY NATIONAL BANK            ,6814   ,MAGNOLIA AVE     ,RIVERSIDE       ,110192,     97.99 ,092297, 7.20 ,02,91  ,04 ,Y,Y,Y,Y,Y,N,N,    .00 
89111 ,  11,CITY NATIONAL BANK            ,3484   ,CENTRAL AVE      ,RIVERSIDE       ,110192,     97.99 ,092297, 6.25 ,02,91  ,02C,Y,Y,Y,Y,Y,N,N,    .00 
89111 ,  17,I D S                         ,1504   ,COLUMBIA AVE     ,RIVERSIDE       ,110192,       .00 ,091597,17.30 ,02,00F ,08 ,Y,Y,Y,Y,Y,N,N,    .00 
89111 ,  19,CITY NATIONAL BANK            ,6814   ,MAGNOLIA AVE     ,RIVERSIDE       ,110192,     97.99 ,092297,17.15 ,02,54M ,10 ,Y,Y,Y,Y,Y,N,N,    .00 
89111 ,  21,CNB PROOF                     ,10725  ,MAGNOLIA AVE     ,RIVERSIDE       ,110192,       .00 ,091597,17.30 ,02,54M ,12H,Y,Y,Y,Y,Y,N,N,    .00 
89111 ,  25,CITY NATIONAL BANK            ,3484   ,CENTRAL AVE      ,RIVERSIDE       ,110192,     29.72 ,091597,14.20 ,02,93A ,33 ,Y,Y,Y,Y,Y,N,N,    .00 
89111 ,  27,CITY NATIONAL BANK            ,1485   ,UNIVERSITY AVE   ,RIVERSIDE       ,110192,     97.99 ,091597,16.55 ,02,54M ,08 ,Y,Y,Y,Y,Y,N,N,    .00 
89111 ,  28,CITY NATIONAL BANK            ,10725  ,MAGNOLIA AVE     ,RIVERSIDE       ,110192,     97.99 ,091597,14.10 ,02,93A ,32 ,Y,Y,Y,Y,Y,N,N,    .00 
89111 ,  31,I D S                         ,1504   ,COLUMBIA AVE     ,RIVERSIDE       ,110192,       .00 ,091597,14.30 ,02,93A ,34 ,Y,Y,Y,Y,Y,N,N,    .00 
89111 ,  32,CITY NATIONAL BANK            ,10725  ,MAGNOLIA AVE     ,RIVERSIDE       ,110192,     97.99 ,091597,17.00 ,02,00F ,05 ,Y,Y,Y,Y,Y,N,N,    .00 
89111 ,  34,CITY NATIONAL BANK            ,10725  ,MAGNOLIA AVE     ,RIVERSIDE       ,110192,     97.99 ,091597,19.00 ,02,00F ,13 ,Y,Y,Y,Y,Y,N,N,    .00 
89111 ,  35,I D S                         ,1504   ,COLUMBIA AVE     ,RIVERSIDE       ,110192,     97.99 ,091597,12.35 ,02,93A ,27 ,Y,Y,Y,Y,Y,N,N,    .00 
89111 ,  37,HEMING & JOHNSON              ,7130   ,MAGNOLIA AVE     ,RIVERSIDE       ,110192,    196.00 ,053199,15.30 ,02,40  ,02T,Y,Y,Y,Y,Y,N,N,    .00 
89111 ,  38,CITY NATIONAL BANK            ,6814   ,MAGNOLIA AVE     ,RIVERSIDE       ,110192,       .00 ,052402,16.50 ,02,99C ,04L,Y,Y,Y,Y,Y,N,N,    .00 
89111 ,  39,CITY NATIONAL BANK            ,3484   ,CENTRAL AVE      ,RIVERSIDE       ,110192,     97.99 ,092297,17.10 ,02,54M ,09B,Y,Y,Y,Y,Y,N,N,    .00 
89111 ,  44,CITY NATIONAL BANK            ,10725  ,MAGNOLIA AVE     ,RIVERSIDE       ,110192,     27.00 ,091597,20.30 ,02,94F ,22 ,N,N,N,N,Y,N,N,    .00 
89111 ,  47,QUALITY TITLE                 ,6845   ,BROCKTON         ,RIVERSIDE       ,110192,     91.24 ,043096, 8.20 ,02,91  ,18 ,Y,Y,Y,Y,Y,N,N,    .00 
89111 ,  51,APPIAN ESCROW                 ,4100   ,CENTRAL AVE      ,RIVERSIDE       ,110192,     20.25 ,022899,15.15 ,02,52M ,25A,Y,Y,Y,Y,Y,N,N,    .00 
89111 ,  52,APPIAN ESCROW                 ,4100   ,CENTRAL AVE      ,RIVERSIDE       ,110192,     20.25 ,022899,15.15 ,02,52M ,25 ,Y,Y,Y,Y,Y,N,N,    .00 
89111 ,  53,SHALIMAR ESCROW               ,6833   ,INDIANA AVE      ,RIVERSIDE       ,110192,    104.99 ,122999, 9.00 ,02,91  ,16 ,Y,Y,Y,Y,Y,N,N,    .00 
89111 ,  54,SHALIMAR ESCROW               ,6833   ,INDIANA AVE      ,RIVERSIDE       ,110192,    104.99 ,122999,15.06 ,02,52M ,16 ,Y,Y,Y,Y,Y,N,N,    .00 
89111 ,  55,RIVERSIDE ESCROW              ,3748   ,ARLINGTON AVE    ,RIVERSIDE       ,110192,     91.24 ,101794, 9.00 ,02,RNB ,55 ,Y,Y,Y,Y,Y,N,N,    .00 
89111 ,  56,RIVERSIDE ESCROW              ,3748   ,ARLINGTON AVE    ,RIVERSIDE       ,110192,     91.24 ,101794,16.00 ,02,RNB ,56 ,Y,Y,Y,Y,Y,N,N,    .00 
89111 ,  57,JOHN PIERCE ESCROW            ,3771   ,ARLINGTON AVE    ,RIVERSIDE       ,110192,    104.99 ,063099, 8.32 ,02,91  ,20 ,Y,Y,Y,Y,Y,N,N,    .00 
89111 ,  58,JOHN PIERCE ESCROW            ,3771   ,ARLINGTON AVE    ,RIVERSIDE       ,110192,    104.99 ,063099,15.11 ,02,52M ,17 ,Y,Y,Y,Y,Y,N,N,    .00 
89111 ,  59,WESTCOE REALTORS AM           ,7191   ,MAGNOLIA AVE     ,RIVERSIDE       ,110192,    105.40 ,      , 8.27 ,02,13  ,12A,Y,Y,Y,Y,Y,N,N,    .00 
89111 ,  60,WESTCOE REALTORS PM           ,7191   ,MAGNOLIA AVE     ,RIVERSIDE       ,110192,    105.40 ,      ,15.33 ,02,24  ,09A,Y,Y,Y,Y,Y,N,N,    .00 
89111 ,  61,ORTON ESCROW                  ,6529   ,RIVERSIDE AVE    ,RIVERSIDE       ,110192,     91.24 ,112392, 9.00 ,02,RNB ,61 ,Y,Y,Y,Y,Y,N,N,    .00 
89111 ,  62,ORTON ESCROW                  ,6529   ,RIVERSIDE AVE    ,RIVERSIDE       ,110192,     91.24 ,112392,16.00 ,02,RNB ,62 ,Y,Y,Y,Y,Y,N,N,    .00 
89111 ,  63,VICTORIA ESCROW               ,4100   ,CENTRAL AVE      ,RIVERSIDE       ,110192,     91.24 ,022696, 8.42 ,02,91  ,22 ,Y,Y,Y,Y,Y,N,N,    .00 
89111 ,  64,VICTORIA ESCROW               ,4100   ,CENTRAL AVE      ,RIVERSIDE       ,110192,     91.24 ,022696,15.10 ,02,52A ,23 ,Y,Y,Y,Y,Y,N,N,    .00 
89111 ,  65,WHELAN ESCROW                 ,6509   ,BROCKTON AVE     ,RIVERSIDE       ,092794,     91.24 ,101494, 9.30 ,02,RNB ,65 ,Y,Y,Y,Y,Y,N,N,    .00 
89111 ,  66,WHELAN ESCROW                 ,6509   ,BROCKTON AVE     ,RIVERSIDE       ,092794,     91.24 ,101494,16.00 ,02,RNB ,66 ,Y,Y,Y,Y,Y,N,N,    .00 
89111 ,  67,FIRST AMERICAN TITLE          ,3625   ,14TH ST          ,RIVERSIDE       ,110192,    105.40 ,      , 7.59 ,02,13  ,07A,Y,Y,Y,Y,Y,N,N,    .00 
89111 ,  68,FIRST AMERICAN TITLE PM       ,3625   ,14TH ST          ,RIVERSIDE       ,110192,    105.40 ,      ,15.44 ,02,24  ,11A,Y,Y,Y,Y,Y,N,N,    .00 
89111 ,  69,ARROW ESCROW                  ,214   W,4TH ST           ,PERRIS          ,110192,    104.99 ,090302, 8.30 ,02,10  ,04M,Y,Y,Y,Y,Y,N,N,    .00 
89111 ,  70,ARROW ESCROW                  ,214   W,4TH ST           ,PERRIS          ,050103,    104.32 ,      ,13.00 ,02,30  ,16M,Y,Y,Y,Y,Y,N,N,    .00 
89111 ,  74,ESCROW STREET                 ,124   N,RIVERSIDE AVE    ,RIALTO          ,110192,    127.74 ,052002,14.28 ,02,03  ,23 ,Y,Y,Y,Y,Y,N,N,    .00 
89111 ,  75,SUN HAVEN ESCROW              ,5885   ,BROCKTON AVE     ,RIVERSIDE       ,110192,    104.99 ,061599, 8.55 ,02,91  ,21M,Y,Y,Y,Y,Y,N,N,    .00 
89111 ,  76,SUN HAVEN ESCROW              ,5885   ,BROCKTON AVE     ,RIVERSIDE       ,110192,    104.99 ,061599,15.18 ,02,52M ,18 ,Y,Y,Y,Y,Y,N,N,    .00 
89111 ,  79,EXPRESS COPY                  ,1243   ,COLUMBIA AVE     ,RIVERSIDE       ,010184,     45.94 ,093094,15.00 ,02,RNB ,79 ,Y,N,N,Y,N,N,N,    .00 
89111 ,  80,CAMPBELL CONCRETE             ,12818  ,PELLISIER RD     ,COLTON          ,110192,     91.24 ,093094,16.00 ,02,RNB ,80 ,Y,Y,Y,Y,Y,N,N,    .00 
89111 ,  81,SCOTT BLDG SUPPLIES           ,20427  ,KEY ST           ,COLTON          ,110192,     61.48 ,121693,16.00 ,02,RNB ,81 ,Y,N,Y,N,Y,N,N,    .00 
89111 ,  82,CALIF TOOL & WELDING          ,201    ,MAIN ST          ,RIVERSIDE       ,110192,     91.24 ,103092,16.00 ,02,RNB ,82 ,Y,Y,Y,Y,Y,N,N,    .00 
89111 ,  83,SNYDER'S PEST CONTROL         ,2810   ,MARKET ST        ,RIVERSIDE       ,110192,     91.24 ,093094,16.00 ,02,RNB ,83 ,Y,Y,Y,Y,Y,N,N,    .00 
89111 ,  84,INLAND PIPE & SUPPLY          ,2560   ,NORTHBEND        ,RIVERSIDE       ,110192,     91.24 ,091694,16.00 ,02,RNB ,84 ,Y,Y,Y,Y,Y,N,N,    .00 
89111 ,  85,WEST COAST CONSERVATORSHIPS   ,3839   ,BROCKTON AVE     ,RIVERSIDE       ,110192,     91.24 ,093094,16.00 ,02,40P ,85 ,Y,Y,Y,Y,Y,N,N,    .00 
89111 ,  86,ANGLE & BABBAGE               ,4240   ,TEQUESQUITE AVE  ,RIVERSIDE       ,110192,     91.24 ,090194,16.00 ,02,RNB ,86 ,Y,Y,Y,Y,Y,N,N,    .00 
89111 ,  88,RIVERSIDE PHYSICAL THERAPY    ,6180   ,BROCKTON AVE     ,RIVERSIDE       ,110192,     61.48 ,093094,16.00 ,02,RNB ,88 ,Y,N,Y,N,Y,N,N,    .00 
89111 ,  90,VANS AUTO BODY                ,2523   ,MAIN ST          ,RIVERSIDE       ,110192,     91.24 ,112692,16.00 ,02,RNB ,90 ,Y,Y,Y,Y,Y,N,N,    .00 
89111 ,  91,KENNEDY CADILLAC              ,1400  S,CAMINO REAL      ,SAN BERNARDINO  ,100793,     45.94 ,090794,12.15 ,02,14A ,32B,N,Y,N,Y,N,N,N,    .00 
89111 ,  92,BARTON & BRODHEAD             ,4275   ,LEMON ST         ,RIVERSIDE       ,110192,     61.48 ,041993,16.00 ,02,RNB ,92 ,Y,N,Y,N,Y,N,N,    .00 
89111 ,  93,AIRPORT MINI STORAGE          ,7044   ,ARLINGTON AVE    ,RIVERSIDE       ,110192,     61.48 ,120392,16.00 ,02,RNB ,93 ,Y,N,Y,N,Y,N,N,    .00 
89111 ,  94,MICROFILMING SERVICES         ,180    ,VANDER ST        ,CORONA          ,110192,     91.24 ,110198,11.50 ,02,91B ,02J,Y,Y,Y,Y,Y,N,N,    .00 
89111 ,  95,FIRST INTERSTATE BANK         ,3765   ,TYLER AVE        ,RIVERSIDE       ,110192,     97.99 ,060396,10.00 ,02,71A ,03 ,Y,Y,Y,Y,Y,N,N,    .00 
89111 ,  96,U S POST OFFICE               ,3890   ,ORANGE ST        ,RIVERSIDE       ,110192,    145.21 ,      , 7.46 ,02,13  ,04 ,Y,Y,Y,Y,Y,N,N,    .00 
89111 ,  97,CITY NATIONAL BANK AM         ,3484   ,CENTRAL AVE      ,RIVERSIDE       ,110192,       .00 ,      , 8.15 ,02,13  ,10 ,Y,Y,Y,Y,Y,N,N,    .00 
89111 ,  99,DEDICATED ROUTE               ,       ,                 ,RIVERSIDE       ,110192,   1487.10 ,091597,  .00 ,02,RNB ,99 ,Y,Y,Y,Y,Y,N,N,    .00 
89111 , 100,NON DEDICATED ROUTE NETWORK   ,       ,                 ,RIVERSIDE       ,110192,    405.56 ,110198,  .00 ,02,RNB ,100,Y,Y,Y,Y,Y,N,N,    .00 
89111 , 101,HEALTH DATA SERVICES          ,268    ,HOSPITALITY LN   ,SAN BERNARDINO  ,112492,     45.94 ,093094,14.00 ,02,40P ,02L,N,Y,N,Y,N,N,N,    .00 
89111 , 102,SARGENT PROPERTIES            ,1003  E,COOLEY DR        ,COLTON          ,011193,     61.48 ,093094,13.30 ,02,40P ,02D,Y,N,Y,N,Y,N,N,    .00 
89111 , 103,LARRY'S METHVIN INSTALLATION  ,2041  E,LOCUST CT        ,ONTARIO         ,011293,     91.24 ,093094,13.00 ,02,99C ,29B,Y,Y,Y,Y,Y,N,N,    .00 
89111 , 104,CITY NATIONAL BANK            ,3484   ,CENTRAL AVE      ,RIVERSIDE       ,011293,       .00 ,      ,16.16 ,02,30  ,31 ,Y,Y,Y,Y,Y,N,N,    .00 
89111 , 105,I D S                         ,1504   ,COLUMBIA AVE     ,RIVERSIDE       ,010193,       .00 ,103102,17.30 ,02,99C ,09 ,Y,Y,Y,Y,Y,N,N,    .00 
89111 , 106,RIVERSIDE NATIONAL BANK       ,10725  ,MAGNOLIA AVE     ,RIVERSIDE       ,010193,       .00 ,091597,15.25 ,02,52A ,26A,Y,Y,Y,Y,Y,N,N,    .00 
89111 , 107,COOLING SYSTEMS INC           ,29141 N,LOCUST           ,RIALTO          ,030193,    118.96 ,093094,13.15 ,02,00G ,09L,N,Y,N,Y,N,N,N,    .00 
89111 , 108,CANAM METAL PRODUCTS          ,1795   ,RIVERVIEW DR     ,SAN BERNARDINO  ,030493,     45.94 ,093094,14.30 ,02,50  ,28P,Y,N,N,Y,N,N,N,    .00 
89111 , 111,I D S                         ,1504   ,COLUMBIA AVE     ,RIVERSIDE       ,031993,     40.54 ,091597,21.00 ,02,94F ,23 ,N,N,N,N,Y,N,N,    .00 
89111 , 115,QUALITY TITLE                 ,6845   ,BROCKTON AVE     ,RIVERSIDE       ,041693,     91.24 ,043096,14.40 ,02,52A ,19 ,Y,Y,Y,Y,Y,N,N,    .00 
89111 , 116,AHSI                          ,1275  E,SAN BERNARDINO AV,SAN BERNARDINO  ,041593,     91.24 ,093094,14.35 ,02,50  ,28R,Y,Y,Y,Y,Y,N,N,    .00 
89111 , 117,AFR CONSTRUCTION              ,11    N,5TH AVE          ,ARCADIA         ,041493,    123.01 ,093094,12.00 ,02,99C ,156,Y,N,Y,N,Y,N,N,    .00 
89111 , 118,RNB MORTGAGE                  ,23741  ,SUNNYMEADE BLVD  ,MORENO VALLEY   ,040193,     91.24 ,060994, 9.15 ,02,50  ,19C,Y,Y,Y,Y,Y,N,N,    .00 
89111 , 119,RNB MORTGAGE                  ,23741  ,SUNNYMEADE BLVD  ,MORENO VALLEY   ,040193,     91.24 ,060994,16.00 ,02,94F ,19A,Y,Y,Y,Y,Y,N,N,    .00 
89111 , 120,RIVERSIDE NATIONAL BANK       ,10725  ,MAGNOLIA AVE     ,RIVERSIDE       ,060793,       .00 ,091597,15.25 ,02,52A ,26 ,Y,Y,Y,Y,Y,N,N,    .00 
89111 , 121,I D S                         ,1504   ,COLUMBIA AVE     ,RIVERSIDE       ,060793,       .00 ,      ,15.54 ,02,24  ,12A,Y,Y,Y,Y,Y,N,N,    .00 
89111 , 122,I D S                         ,1504   ,COLUMBIA AVE     ,RIVERSIDE       ,061293,       .00 ,090302,14.51 ,02,03  ,25 ,Y,Y,Y,Y,Y,N,N,    .00 
89111 , 123,EMERUWA DR I                  ,6180   ,BROCKTON AVE     ,RIVERSIDE       ,062993,     45.94 ,093094,13.57 ,02,52A ,41 ,N,Y,N,N,N,N,N,    .00 
89111 , 126,RADIOGRAPHIC EQUIPMENT SERV   ,4181   ,LATHAM           ,RIVERSIDE       ,081393,     91.24 ,093094,14.30 ,02,40P ,09P,Y,Y,Y,Y,Y,N,N,    .00 
89111 , 128,KARAHALIOS REALTY             ,2048   ,ORANGETREE LN    ,REDLANDS        ,101393,     27.00 ,093094,14.35 ,02,50  ,28E,N,N,Y,N,N,N,N,    .00 
89111 , 129,PREMIER LAMINATING            ,1612   ,RAILROAD ST      ,CORONA          ,110293,     45.94 ,031494,11.00 ,02,91B ,10J,N,Y,N,Y,N,N,N,    .00 
89111 , 130,COLDWELL BANKER               ,1450  W,6TH ST           ,CORONA          ,110393,     45.94 ,112394,10.45 ,02,91B ,10B,N,N,Y,N,Y,N,N,    .00 
89111 , 131,COLDWELL BANKER               ,1450  W,6TH ST           ,CORONA          ,110393,     45.94 ,112394,10.45 ,02,91B ,10C,N,N,Y,N,Y,N,N,    .00 
89111 , 132,COLDWELL BANKER               ,3556   ,CENTRAL AVE      ,RIVERSIDE       ,110393,     91.24 ,112394, 9.15 ,02,94A ,12 ,Y,Y,Y,Y,Y,N,N,    .00 
89111 , 133,COLDWELL BANKER               ,3556   ,CENTRAL AVE      ,RIVERSIDE       ,110393,     91.24 ,112394,14.40 ,02,52A ,55 ,Y,Y,Y,Y,Y,N,N,    .00 
89111 , 134,GSF CORPORATION               ,3800   ,ORANGE ST        ,RIVERSIDE       ,112393,     45.94 ,093094,14.00 ,02,40P ,12S,N,Y,N,Y,N,N,N,    .00 
89111 , 135,ARTHRITIS CENTER OF RIVERSIDE ,4000   ,14TH ST          ,RIVERSIDE       ,010593,     61.48 ,093094,14.00 ,02,99C ,15M,Y,N,Y,N,Y,N,N,    .00 
89111 , 136,INLAND NEUROSURGICARE         ,11332  ,MOUNTAIN VIEW AVE,LOMA LINDA      ,021494,     61.48 ,093094,14.32 ,02,50  ,28C,Y,N,Y,N,Y,N,N,    .00 
89111 , 137,LVW BROWN                     ,859    ,CENTER ST        ,HIGHGROVE       ,022294,     45.94 ,093094,15.00 ,02,50  ,30 ,N,Y,N,Y,N,N,N,    .00 
89111 , 139,UNITED WAY                    ,6215   ,RIVERCREST DR    ,RIVERSIDE       ,031194,       .00 ,093094,13.00 ,02,82M ,17L,Y,Y,Y,Y,Y,N,N,    .00 
89111 , 140,RIVERSIDE RADIOLOGY           ,1660   ,CHICAGO AVE      ,RIVERSIDE       ,040194,     91.24 ,093094,15.00 ,02,99C ,167,Y,Y,Y,Y,Y,N,N,    .00 
89111 , 141,VANCE CORPOARATION            ,2271  N,LOCUST AVE       ,RIALTO          ,052394,     27.00 ,093094,14.00 ,02,80M ,02M,Y,N,N,N,N,N,N,    .00 
89111 , 142,R P FINANCIAL                 ,4280   ,LATHAM ST        ,RIVERSIDE       ,051894,     45.94 ,070594,14.15 ,02,40P ,07T,N,N,Y,N,N,N,N,    .00 
89111 , 143,WESSMAN DEVELOPMENT CO        ,1555  S,PALM CANYON DR   ,PALM SPRINGS    ,070194,    156.80 ,093094,16.55 ,02,08A ,17P,Y,N,Y,N,Y,N,N,    .00 
89111 , 144,RE/MAX ALL STARS REALTY       ,6960   ,MAGNOLIA AVE     ,RIVERSIDE       ,080194,     91.24 ,093094,13.41 ,02,52A ,08P,Y,Y,Y,Y,Y,N,N,    .00 
89111 , 145,T S EXPRESS INC               ,2315  E,LOCUST CT        ,ONTARIO         ,081694,     45.94 ,093094,13.20 ,02,64  ,17R,N,Y,N,N,Y,N,N,    .00 
89111 , 146,CENTENNIAL MORTGAGE           ,6960   ,MAGNOLIA AVE     ,RIVERSIDE       ,082494,     91.24 ,093094,13.45 ,02,52A ,08Q,Y,Y,Y,Y,Y,N,N,    .00 
89111 , 147,BETTER HOMES ESCROW           ,12370  ,PERRIS BLVD      ,MORENO VALLEY   ,082694,     61.48 ,063095,  .00 ,02,99C ,15J,N,Y,N,Y,N,N,N,    .00 
89111 , 148,FIRST AMERICAN TITLE          ,3625   ,14TH ST          ,RIVERSIDE       ,110194,    136.85 ,020998,10.30 ,02,91B ,00S,Y,Y,Y,Y,Y,N,N,    .00 
89111 , 149,CITY NATIONAL BANK            ,3484   ,CENTRAL AVE      ,RIVERSIDE       ,110194,       .00 ,052402,10.40 ,02,99C ,02M,Y,Y,Y,Y,Y,N,N,    .00 
89111 , 150,FIRST AMERICAN TITLE          ,3625   ,14TH ST          ,RIVERSIDE       ,110194,    136.85 ,020998,15.45 ,02,00F ,02 ,Y,Y,Y,Y,Y,N,N,    .00 
89111 , 151,CITY NATIONAL BANK            ,3484   ,CENTRAL AVE      ,RIVERSIDE       ,110194,       .00 ,020998,16.00 ,02,00F ,04 ,Y,Y,Y,Y,Y,N,N,    .00 
89111 , 152,J M O'NEIL                    ,27349  ,JEFFERSON AVE    ,TEMECULA        ,110894,     45.94 ,063095, 8.35 ,02,93A ,04A,N,Y,N,Y,N,N,N,    .00 
89111 , 153,SUNDANCE CONSTRUCTION         ,3500   ,LAKE CENTER DR   ,SANTA ANA       ,012795,     60.81 ,102197,10.25 ,06,03  ,08A,N,Y,N,N,Y,N,N,    .00 
89111 , 154,INLAND TRUSS                  ,15427  ,FOOTHILL BLVD    ,FONTANA         ,080696,     49.20 ,101697,15.35 ,02,57  ,02G,N,Y,N,Y,N,N,N,    .00 
89111 , 155,RIVERSIDE NATIONAL BANK #1    ,3484   ,CENTRAL AVE      ,RIVERSIDE       ,070595,     29.72 ,092297, 9.00 ,02,91  ,27A,Y,Y,Y,Y,Y,N,N,    .00 
89111 , 156,RIVERSIDE NATIONAL BANK #4    ,6814   ,MAGNOLIA AVE     ,RIVERSIDE       ,070595,    103.40 ,092297, 9.10 ,02,91  ,32 ,Y,Y,Y,Y,Y,N,N,    .00 
89111 , 157,RIVERSIDE NATIONAL BANK #1    ,3484   ,CENTRAL AVE      ,RIVERSIDE       ,070595,    103.40 ,092297,12.55 ,02,52A ,01B,Y,Y,Y,Y,Y,N,N,    .00 
89111 , 158,RIVERSIDE NATIONAL BANK #4    ,6814   ,MAGNOLIA AVE     ,RIVERSIDE       ,070595,       .00 ,092297,13.05 ,02,52A ,01F,Y,Y,Y,Y,Y,N,N,    .00 
89111 , 159,RIVERSIDE NATIONAL BANK #1    ,3484   ,CENTRAL AVE      ,RIVERSIDE       ,070595,    103.40 ,092297,13.15 ,02,52A ,01M,Y,Y,Y,Y,Y,N,N,    .00 
89111 , 160,RIVERSIDE NATIONAL BANK #1    ,3484   ,CENTRAL AVE      ,RIVERSIDE       ,080195,    103.40 ,092297, 9.15 ,02,91  ,33 ,Y,Y,Y,Y,Y,N,N,    .00 
89111 , 161,PURCHASING                    ,1501   ,7TH ST           ,RIVERSIDE       ,102395,     74.34 ,091597,12.35 ,02,93A ,26 ,Y,Y,Y,Y,Y,N,N,    .00 
89111 , 162,PURCHASING                    ,1501   ,7TH ST           ,RIVERSIDE       ,102395,     74.34 ,091597,15.30 ,02,54M ,02D,Y,Y,Y,Y,Y,N,N,    .00 
89111 , 165,MOD CRAFT/NATURE TECH INC     ,1730   ,PRODUCTION CIRCLE,RIVERSIDE       ,120595,     65.61 ,013101,14.50 ,02,13  ,37 ,N,Y,N,N,Y,N,N,    .00 
89111 , 166,POUK & STEINLE INC            ,2520   ,RUBIDOUX         ,RIVERSIDE       ,122795,     91.24 ,102197,14.40 ,02,55  ,19 ,Y,Y,Y,Y,Y,N,N,    .00 
89111 , 167,I D S(MICROFILM)              ,1504   ,COLUMBIA AVE     ,RIVERSIDE       ,010196,    103.40 ,110198,14.15 ,02,91B ,26M,Y,Y,Y,Y,Y,N,N,    .00 
89111 , 168,GOSLIN TIRE                   ,2830   ,RUBIDOUX BLVD    ,RIVERSIDE       ,022096,     91.24 ,102197,14.30 ,02,55  ,18A,Y,Y,Y,Y,Y,N,N,    .00 
89111 , 169,ABLE CARPETS                  ,3940   ,GARNER RD        ,RIVERSIDE       ,031196,     61.48 ,110198,15.00 ,02,52A ,14G,Y,N,Y,N,Y,N,N,    .00 
89111 , 170,R N B PROOF                   ,10725  ,MAGNOLIA AVE     ,RIVERSIDE       ,031996,     91.24 ,093097, 6.50 ,02,91  ,02D,Y,Y,Y,Y,Y,N,N,    .00 
89111 , 171,KINKLE RODIGER & SPRIGGS      ,600   N,GRAND AVE        ,LOS ANGELES     ,041096,     91.24 ,050297,13.30 ,06,12  ,30 ,Y,Y,Y,Y,Y,N,N,    .00 
89111 , 173,CORASCO DR PETE               ,401   N,LA CADENA AVE    ,COLTON          ,061496,     45.94 ,032897,14.10 ,02,56X ,17 ,Y,N,N,N,Y,N,N,    .00 
89111 , 174,YUSUFALY DR IMDAD             ,900   S,MAIN ST          ,CORONA          ,061996,     45.94 ,043098,12.20 ,02,91B ,05G,N,Y,N,N,N,N,N,    .00 
89111 , 175,ADUBELA DR ABAYOMI            ,27699  ,JEFFERSON AVE    ,TEMECULA        ,062596,     45.94 ,043098,10.45 ,02,93  ,09M,N,Y,N,Y,N,N,N,    .00 
89111 , 176,SWARNER & FITZGERALD          ,3403   ,10TH ST          ,RIVERSIDE       ,071296,     61.48 ,043098,15.20 ,02,40  ,01U,Y,N,Y,N,Y,N,N,    .00 
89111 , 177,AMERICAN PACIFIC FINANCIAL    ,225   W,HOSPITALITY LN   ,SAN BERNARDINO  ,080196,     91.24 ,043098,14.50 ,02,40  ,00E,Y,Y,Y,Y,Y,N,N,    .00 
89111 , 178,THOMAS  MORT & PROSSER  ,3403   ,10TH ST          ,RIVERSIDE       ,080196,     91.24 ,043098,15.45 ,02,40  ,01P,Y,Y,Y,Y,Y,N,N,0
89111 , 179,HANOVER COMMERCIAL            ,302   S,MILLIKEN AVE     ,ONTARIO         ,072996,     61.48 ,022197,13.15 ,02,03A ,35G,Y,N,Y,N,Y,N,N,    .00 
89111 , 180,ORANGE COAST TITLE            ,10601 W,CIVIC CENTER DR  ,RANCHO CUCAMONGA,081496,    104.99 ,110198,15.05 ,02,23M ,12 ,Y,Y,Y,Y,Y,N,N,    .00 
89111 , 181,CROWN ANESTHESIA MED GROUP    ,1115  S,WASHBURN         ,CORONA          ,090196,     40.54 ,091096,11.00 ,02,91B ,06 ,N,Y,N,N,N,N,N,    .00 
89111 , 182,PRIMECARE MEDICAL GROUP       ,27699  ,JEFFERSON        ,TEMECULA        ,090996,     61.48 ,043098, 9.00 ,02,93  ,07 ,Y,N,Y,N,Y,N,N,    .00 
89111 , 184,WEST VAL MEDICAL SUPPLIES     ,301   E,ARROW HWY        ,SAN DIMAS       ,090996,     91.24 ,091096,10.30 ,02,06A ,02S,Y,Y,Y,Y,Y,N,N,    .00 
89111 , 185,PRIMECARE  INTERNATIONAL      ,3281  E,GUASTI           ,ONTARIO         ,091096,     46.62 ,043098,12.45 ,02,03A ,35L,N,Y,N,Y,N,N,N,    .00 
89111 , 186,CROWN ANESTHESIA-W GRAND      ,1147  W,GRAND BLVD       ,CORONA          ,091796,     39.36 ,083000,11.40 ,02,13  ,19M,N,Y,N,N,N,N,N,    .00 
89111 , 187,CROWN ANESTHESIA/PINNACLE SERV,42217  ,RIO NEDO         ,TEMECULA        ,091796,     39.36 ,043098, 9.30 ,02,93  ,09 ,N,Y,N,N,N,N,N,    .00 
89111 , 188,NEPHROLOGY ASSOCIATES MED     ,4361   ,LATHAM ST        ,RIVERSIDE       ,092096,     65.87 ,      ,14.36 ,02,30  ,23A,N,Y,N,N,Y,N,N,    .00 
89111 , 189,U S POST OFFICE               ,3681   ,SUNNYSIDE DR     ,RIVERSIDE       ,092596,    104.78 ,063098, 9.05 ,02,91  ,29 ,Y,Y,Y,Y,Y,N,N,    .00 
89111 , 190,FONTANA PAPER MILLS           ,13733  ,VALLEY BLVD      ,FONTANA         ,100196,    105.40 ,      ,13.39 ,02,03  ,15A,Y,Y,Y,Y,Y,N,N,    .00 
89111 , 192,PCMG OF REDLANDS              ,245    ,TERRACINA BLVD   ,REDLANDS        ,110496,     61.48 ,043098,14.40 ,02,50  ,28D,Y,N,Y,N,Y,N,N,    .00 
89111 , 193,RAINTREE INSURANCE AGENCY     ,2037  N,D ST             ,SAN BERNARDINO  ,120596,     46.62 ,011096,14.15 ,02,03A ,37H,N,Y,N,Y,N,N,N,    .00 
89111 , 194,C & M STEEL                   ,10312  ,ALMOND AVE       ,FONTANA         ,011397,     39.36 ,121499,13.55 ,02,03A ,35H,N,N,N,Y,N,N,N,    .00 
89111 , 195,TCI ENGINEERING INC           ,1416  W,BROOKS ST        ,ONTARIO         ,030397,     91.24 ,043098,11.45 ,02,03A ,31D,Y,Y,Y,Y,Y,N,N,    .00 
89111 , 196,THOR IND. WEST                ,4750   ,ZINFANDEL CT     ,ONTARIO         ,021797,     91.24 ,012698,14.00 ,02,06A ,10 ,Y,Y,Y,Y,Y,N,N,    .00 
89111 , 197,MARTINEZ & TUREK              ,300   S,CEDAR AVE        ,RIALTO          ,022497,     84.32 ,      ,13.59 ,02,03  ,16A,Y,N,Y,N,Y,N,N,    .00 
89111 , 198,AURORA MODULAR                ,16833  ,KRAMEIA AVE      ,RIVERSIDE       ,030597,     91.24 ,100698,11.20 ,02,93  ,21M,Y,Y,Y,Y,Y,N,N,    .00 
89111 , 199,PACIFIC SUNDANCE CONSTRUCTION ,3500  W,LAKE CENTER DR   ,SANTA ANA       ,030797,     46.62 ,102197,10.25 ,06,03  ,08B,N,Y,N,N,Y,N,N,    .00 
89111 , 200,IBRAHIM DR WASEEM             ,4000   ,14TH ST          ,RIVERSIDE       ,040897,     65.87 ,      ,14.14 ,02,21  ,09 ,N,Y,N,Y,N,N,N,    .00 
89111 , 201,KRIEG DR JAMES                ,28125  ,BRADLEY RD       ,SUN CITY        ,041897,     46.62 ,043098,10.10 ,02,93  ,19 ,N,Y,N,N,Y,N,N,    .00 
89111 , 202,CAPREE ESCROW                 ,6735   ,BROCKTON AVE     ,RIVERSIDE       ,010101,    100.76 ,033101, 8.30 ,02,13  ,11M,Y,Y,Y,Y,Y,N,N,    .00 
89111 , 203,ESCROW STREET INC.            ,22365  ,BARTON RD        ,GRAND TERRACE   ,022002,    102.24 ,052002,14.00 ,02,32  ,01M,Y,Y,Y,Y,Y,N,N,    .00 
90454 ,   1,LAP OPTICAL                   ,2639   ,LAVERY COURT     ,NEWBURY PARK    ,092790,       .00 ,      ,13.30 ,06,51  ,03A,Y,Y,Y,Y,Y,N,N,    .00 
90454 ,   2,FACEY MEDICAL GROUP           ,11211  ,SEPULVEDA BLVD   ,MISSION HILLS   ,092790,     51.95 ,061292,13.25 ,05,02A ,16 ,Y,Y,Y,Y,Y,N,N,    .00 
90454 ,   4,BILLING MANIFEST#             ,       ,                 ,NEWBURY PARK    ,120491,       .00 ,053092,  .00 ,05,99C ,56 ,Y,Y,Y,Y,Y,N,N,    .00 
90454 ,   5,OGREN DR RONALD               ,808   N,NORMA ST         ,RIDGECREST      ,051000,     96.07 ,      ,11.12 ,02,05  ,13B,Y,Y,Y,Y,Y,N,N,    .00 
90454 ,   6,HULL EYE CENTER               ,1739  W,AVE J            ,LANCASTER       ,062993,     51.95 ,122998,10.30 ,02,00I ,05W,Y,Y,Y,Y,Y,N,N,    .00 
90454 ,   7,FACEY MEDICAL GROUP           ,17909  ,SOLEDAD CANYON RD,CANYON COUNTRY  ,100194,     51.95 ,090898,12.55 ,06,52  ,04S,Y,Y,Y,Y,Y,N,N,    .00 
90454 ,   8,EYE PROS                      ,2735   ,GEER RD          ,TURLOCK         ,082295,    103.90 ,040396,13.53 ,11,13  ,11M,Y,Y,Y,Y,Y,N,N,    .00 
90454 ,   9,OPTICAL FASHION CENTER        ,9625   ,BRIGHTON WAY     ,BEVERLY HILLS   ,020696,     51.95 ,100996,13.00 ,06,12  ,20A,Y,Y,Y,Y,Y,N,N,    .00 
90454 ,  10,MELTZER VISION CENTER         ,1340  W,AVE J            ,LANCASTER       ,021696,     51.95 ,022796,14.15 ,06,BEST,05 ,Y,Y,Y,Y,Y,N,N,    .00 
90454 ,  11,IMAGE EYEWEAR                 ,134   S,BEVERLY DR       ,BEVERLY HILLS   ,070996,     51.95 ,081396,12.50 ,06,12  ,18T,Y,Y,Y,Y,Y,N,N,    .00 
90454 ,  12,SHARP MISSION PARK OPTICAL    ,3910   ,VISTA WAY        ,OCEANSIDE       ,090196,     51.95 ,113099,13.00 ,03,05A ,18 ,Y,Y,Y,Y,Y,N,N,    .00 
90454 ,  13,MOEINY DR (EASY EYES)         ,317    ,LONG BEACH BLVD  ,LONG BEACH      ,100996,     51.95 ,090297,12.00 ,06,13A ,04P,Y,Y,Y,Y,Y,N,N,    .00 
90454 ,  15,CRYSTAL CRAFT OPTICAL         ,415    ,AVE PICO         ,SAN CLEMENTE    ,080197,     51.95 ,120397,12.10 ,06,20A ,07 ,Y,Y,Y,Y,Y,N,N,    .00 
90454 ,  16,LENS FOR LESS                 ,3510   ,COLLEGE BLVD     ,OCEANSIDE       ,091097,     51.95 ,011299,13.15 ,03,05A ,19 ,Y,Y,Y,Y,Y,N,N,    .00 
90454 ,  17,LAP OPTICAL                   ,2639   ,LAVERY COURT     ,NEWBURY PARK    ,100198,     51.95 ,113099,12.40 ,06,56  ,11B,Y,Y,Y,Y,Y,N,N,    .00 
90454 ,  18,DRUMMOND MEDICAL              ,1111  N,CHINA LAKE BLVD  ,RIDGECREST      ,051000,     96.07 ,      ,10.52 ,02,05  ,08B,Y,Y,Y,Y,Y,N,N,    .00 
90454 ,  19,RIDGECREST OPTOMETRY          ,237    ,BALSAM ST        ,RIDGECREST      ,012703,     96.07 ,021403,12.30 ,02,05  ,10M,Y,Y,Y,Y,Y,N,N,    .00 
96156 ,   1,INTUIT                        ,781   W,2ND ST           ,SAN BERNARDINO  ,100301,    117.69 ,      , 6.43 ,02,07  ,02A,Y,Y,Y,Y,Y,N,N,    .00 
96156 ,   2,INTUIT                        ,781   W,2ND ST           ,SAN BERNARDINO  ,100301,    117.69 ,      ,17.40 ,02,32  ,14B,Y,Y,Y,Y,Y,N,N,    .00 
96156 ,   3,INTUIT PM                     ,4711   ,VIEWRIDGE AVE    ,SAN DIEGO       ,100301,     94.15 ,      ,15.45 ,03,09  ,03A,Y,Y,Y,Y,Y,N,N,    .00 
96156 ,   4,INTUIT                        ,3760   ,KILROY AIRPORT WY,LONG BEACH      ,100301,     94.15 ,      ,21.15 ,06,58  ,01M,Y,Y,Y,Y,Y,N,N,    .00 
96156 ,   5,INTUIT                        ,480   W,ROWLAND AVE      ,COVINA          ,060196,     94.15 ,      ,22.52 ,02,26  ,11A,Y,Y,Y,Y,Y,N,N,    .00 
96156 ,   6,INTUIT                        ,1600  E,FLORIDA AVE      ,HEMET           ,100301,     94.15 ,      ,  .42 ,02,31  ,22 ,Y,Y,Y,Y,N,N,Y,    .00 
96156 ,   7,FIDUCIAL (INTUIT)             ,64625  ,PIERSON BLVD     ,DESERT HOT SPRGS,100301,    105.92 ,      ,  .40 ,02,35  ,10M,Y,Y,Y,Y,N,N,Y,    .00 
96156 ,   8,INTUIT                        ,570   N,TOWNE AVE        ,POMONA          ,100301,     94.15 ,      ,23.22 ,02,26  ,12 ,Y,Y,Y,Y,Y,N,N,    .00 
96156 ,   9,INTUIT                        ,2900   ,ADAMS ST         ,RIVERSIDE       ,060196,     76.14 ,030198,19.40 ,02,42  ,16V,Y,Y,Y,Y,N,N,Y,    .00 
96156 ,  10,INTUIT                        ,14420  ,CIVIC DR         ,VICTORVILLE     ,100301,    105.92 ,      , 1.46 ,02,28  ,12A,Y,Y,Y,Y,N,N,Y,    .00 
96156 ,  11,INTUIT AM                     ,6180   ,LAUREL CANYON DR ,NORTH HOLLYWOOD ,100301,     94.15 ,      , 9.25 ,06,52  ,03A,Y,Y,Y,Y,Y,N,N,    .00 
96156 ,  12,INTUIT PM                     ,6180   ,LAUREL CANYON BL ,NORTH HOLLYWOOD ,100301,     94.15 ,      ,19.10 ,06,59  ,16M,Y,Y,Y,Y,Y,N,N,    .00 
96156 ,  13,INTUIT                        ,2301   ,DUPONT DR        ,IRVINE          ,012103,     94.15 ,      ,  .45 ,06,16  ,16D,Y,Y,Y,Y,N,N,Y,0
96156 ,  14,INTUIT AM                     ,4711   ,VIEWRIDGE AVE    ,SAN DIEGO       ,030103,     94.15 ,      , 9.30 ,03,06  ,09M,Y,Y,Y,Y,Y,N,N,    .00 
97162 ,   1,US PUBLIC DEFENDERS           ,321   E,SECOND ST        ,LOS ANGELES     ,051997,    284.84 ,      ,12.22 ,02,21  ,04A,Y,Y,Y,Y,Y,N,N,    .00 
97162 ,   2,U S PUBLIC DEFENDERS          ,411   W,4TH ST           ,SANTA ANA       ,051997,    284.89 ,      ,10.44 ,06,09  ,16A,Y,Y,Y,Y,Y,N,N,    .00 
97162 ,   3,U S PUBLIC DEFENDERS          ,3801   ,UNIVERSITY AVE   ,RIVERSIDE       ,051997,    284.84 ,      ,11.38 ,02,33  ,02A,Y,Y,Y,Y,Y,N,N,    .00 
97162 ,   4,U S PUBLIC DEFENDERS          ,321   E,SECOND ST        ,LOS ANGELES     ,051997,    284.84 ,      ,13.24 ,02,33  ,05 ,Y,Y,Y,Y,Y,N,N,    .00 
97162 ,   5,U S PUBLIC DEFENDERS          ,321   E,SECOND ST        ,LOS ANGELES     ,051997,       .00 ,033102,13.55 ,02,33  ,03A,Y,Y,Y,Y,Y,N,N,    .00 
97162 ,   6,U S PUBLIC DEFENDERS          ,411   W,4TH ST           ,SANTA ANA       ,051997,    284.89 ,      ,14.34 ,06,09  ,24 ,Y,Y,Y,Y,Y,N,N,    .00 
97162 ,   7,U S PUBLIC DEFENDERS          ,3801   ,UNIVERSITY AVE   ,RIVERSIDE       ,051997,    284.84 ,      ,14.23 ,02,21  ,11A,Y,Y,Y,Y,Y,N,N,    .00 
98146 ,   1,HENRY'S MARKETPLACE           ,690    ,THIRD AVE        ,CHULA VISTA     ,050197,     91.46 ,      ,22.21 ,03,01  ,15A,Y,Y,Y,Y,Y,N,N,    .00 
98146 ,   2,HENRY'S MARKETPLACE           ,690    ,THIRD AVE        ,CHULA VISTA     ,050698,     40.65 ,043003, 1.00 ,03,01  ,18A,Y,Y,Y,Y,Y,N,N,    .00 
21106 ,   1,BARNES WHOLESALE              ,740    ,GLASGOW AVE      ,INGLEWOOD       ,031201,       .00 ,      ,19.50 ,06,33  ,19 ,Y,Y,Y,Y,Y,N,N, 110.25 
21106 ,   2,BARNES WHOLESALE              ,740    ,GLASGOW AVE      ,INGLEWOOD       ,091190,       .00 ,      ,  .30 ,03,23  ,04 ,Y,Y,Y,Y,N,N,Y,    .00 
21119 ,   2,DONOVAN C C F                 ,480    ,ALTA RD          ,SAN DIEGO       ,070101,       .00 ,      ,11.20 ,03,21  ,12 ,N,Y,N,N,N,N,N,   6.65 
21119 ,   3,CORCORAN SUB ABUSE            ,900    ,QUEBEC AVE       ,CORCORAN        ,070101,       .00 ,      ,12.08 ,04,04  ,15 ,Y,Y,Y,Y,Y,N,N,  32.05 
21119 ,   4,VALLEY STATE PRISON           ,21633  ,AVE 24           ,CHOWCHILLA      ,070101,       .00 ,      , 9.35 ,04,01  ,15A,N,Y,N,N,Y,N,N,  19.00 
21119 ,   5,C C I                         ,4001   ,KING AVE         ,CORCORAN        ,070101,       .00 ,      ,11.58 ,04,04  ,14 ,Y,Y,Y,Y,Y,N,N,  32.05 
21119 ,   6,WOMEN'S FACILITY              ,23370  ,ROAD 22          ,CHOWCHILLA      ,070101,       .00 ,      , 9.41 ,04,01  ,16A,Y,Y,Y,Y,Y,N,N,  32.05 
21119 ,   7,PLEASANT VALLEY PRISON        ,24863 W,JAYNE AVE        ,COALINGA        ,070101,       .00 ,      ,14.16 ,04,04  ,17A,Y,N,Y,N,Y,N,N,  28.50 
21119 ,   8,C C I                         ,       ,HWY 202          ,TEHACHAPI       ,070101,       .00 ,      , 8.10 ,05,05  ,03 ,N,Y,N,N,Y,N,N,  27.92 
21119 ,   9,SHAFTER C C I                 ,1150  E,ASH ST           ,SHAFTER         ,070101,       .00 ,      ,13.57 ,05,06  ,21M,N,N,N,Y,N,N,N,   9.50 
21119 ,  10,SAN QUENTIN PRISON            ,       ,                 ,SAN RAFAEL      ,070101,       .00 ,      ,13.15 ,08,05  ,19 ,Y,Y,Y,Y,Y,N,N,  37.70 
21119 ,  11,SACRAMENTO METRO UNITS #1 & #2,1103  N,B ST             ,SACRAMENTO      ,070101,       .00 ,      ,12.28 ,11,01  ,36 ,Y,Y,Y,Y,Y,N,N,  32.05 
21119 ,  12,CALIFORNIA STATE PRISON       ,       ,                 ,REPRESSA        ,070101,       .00 ,      ,14.00 ,11,03  ,13 ,Y,Y,Y,Y,Y,N,N,  32.05 
21119 ,  13,FOLSOM STATE PRISON           ,       ,PRISON RD        ,REPRESSA        ,070101,       .00 ,      ,13.58 ,11,03  ,12 ,Y,Y,Y,Y,Y,N,N,  32.05 
21119 ,  14,MULE CREEK PRISON             ,4001   ,HWY 104          ,IONE            ,070101,       .00 ,      , 7.55 ,NC,01  ,33 ,N,Y,N,N,Y,N,N,  32.06 
21119 ,  15,MERCED UNIT                   ,1579  W,MAIN ST          ,MERCED          ,070101,       .00 ,      , 8.19 ,14,02  ,16 ,Y,Y,Y,Y,Y,N,N,  32.05 
21119 ,  16,CORRECTIONAL TRAINING         ,      N,HWY 101          ,SOLEDAD         ,070101,       .00 ,      ,10.55 ,14,07  ,12 ,N,Y,N,N,Y,N,N,  36.30 
21119 ,  17,STOCKTON UNITS #1 & #2        ,125    ,BRIDGE PLACE     ,STOCKTON        ,070101,       .00 ,      ,11.43 ,14,01  ,14 ,Y,Y,Y,Y,Y,N,N,  32.05 
21119 ,  18,DEUEL VOCATIONAL INSTITUTION  ,23500  ,KASSON RD        ,TRACY           ,070101,       .00 ,      ,10.51 ,14,02  ,25 ,N,N,N,N,Y,N,N,   6.98 
21119 ,  19,NORTHERN CALIF WOMEN'S FACILIT,7150   ,ARCH RD          ,STOCKTON        ,070101,       .00 ,031903,12.06 ,14,01  ,15 ,N,Y,N,N,Y,N,N,  13.96 
21119 ,  20,SIERRA CONSERVATION CAMP      ,5100   ,O'BYRNES FERRY RD,JAMESTOWN       ,070101,       .00 ,      , 9.16 ,14,01  ,11 ,Y,Y,Y,Y,Y,N,N,  87.95 
21119 ,  21,PELICAN BAY STATE PRISON      ,5905   ,LAKE EARL DR     ,CRESCENT CITY   ,070101,       .00 ,      ,12.00 ,RP,01  ,33A,N,Y,N,N,Y,N,N,  46.92 
21119 ,  22,EUREKA SUBUNIT                ,930    ,3RD ST           ,EUREKA          ,070101,       .00 ,      ,12.00 ,RP,01  ,34A,Y,Y,Y,Y,Y,N,N,  37.70 
21119 ,  23,C C C                         ,71-045 ,CENTER RD        ,SUSANVILLE      ,070101,       .00 ,      ,13.00 ,RP,01  ,38A,Y,Y,Y,Y,Y,N,N,  89.95 
21119 ,  24,HIGH DESERT STATE PRISON      ,475-750,RICE CANYON RD   ,SUSANVILLE      ,070101,       .00 ,      ,12.00 ,RP,01  ,39A,Y,N,Y,N,Y,N,N,  72.60 
21119 ,  25,TAFT CCF                      ,330    ,COMMERCE WAY     ,TAFT            ,070101,       .00 ,      ,12.40 ,05,03  ,28 ,Y,Y,Y,Y,Y,N,N,  47.50 
21119 ,  26,WASCO STATE PRISON            ,15215  ,SCOFIELD AVE     ,WASCO           ,070101,       .00 ,      ,13.09 ,05,06  ,19 ,Y,Y,Y,Y,Y,N,N,  47.50 
21119 ,  27,AVENAL STATE PRISON           ,1      ,KINGS WAY        ,AVENAL          ,070101,       .00 ,      ,13.40 ,04,04  ,16 ,Y,Y,Y,Y,Y,N,N,  32.05 
21119 ,  28,CLAREMONT CUSTODY CENTER      ,185   W,GALE AVE         ,COALINGA        ,070101,       .00 ,      ,14.25 ,04,04  ,18 ,Y,Y,Y,Y,Y,N,N,  32.05 
21119 ,  29,CHUCKAWALLA VALLEY PRISON     ,19025  ,WILEYS WELL RD   ,BLYTHE          ,070101,       .00 ,      , 4.40 ,02,99C ,00 ,Y,Y,Y,Y,Y,N,N,  75.40 
21119 ,  30,EAGLE MOUNTAIN CCF            ,120    ,COURT ST         ,DESERT CENTER   ,070101,       .00 ,      , 2.00 ,07,03  ,06 ,Y,Y,Y,Y,Y,N,N,  75.40 
21119 ,  31,IRONWOOD STATE PRISON         ,19005  ,WILEYS WELL RD   ,BLYTHE          ,070101,       .00 ,      ,  .30 ,02,99C ,00A,Y,Y,Y,Y,Y,N,N,  75.40 
21119 ,  32,BAKER CCF                     ,10     ,LAKEVIEW DR      ,BAKER           ,070101,       .00 ,      , 2.00 ,CS,03  ,26A,Y,Y,Y,Y,Y,N,N,  75.40 
21119 ,  33,LASSEN CCF                    ,477-150,SHERIFF CADY LANE,SUSANVILLE      ,070101,       .00 ,      ,15.00 ,RP,01  ,40A,Y,Y,Y,Y,Y,N,N,  89.95 
21119 ,  34,LEO CHESNEY CENTER            ,2800   ,APRICOT          ,LIVE OAK        ,070101,       .00 ,      ,12.42 ,11,04M ,11B,Y,Y,Y,Y,Y,N,N,  89.95 
21119 ,  35,SUSANVILLE PAROLE SUB-UNIT    ,170    ,RUSSELL AVE      ,SUSANVILLE      ,070101,       .00 ,      ,14.00 ,RP,01  ,41A,Y,Y,Y,Y,Y,N,N,  89.95 
21119 ,  36,WEED PAROLE SUB-UNIT          ,550    ,PARK ST          ,WEED            ,070101,       .00 ,      ,15.10 ,RP,01  ,42A,Y,Y,Y,Y,Y,N,N,  89.95 
21119 ,  37,LINEHAUL NOCAL WORK           ,       ,                 ,SANTA FE SPRINGS,070101,       .00 ,      , 7.00 ,06,43  ,01A,N,Y,Y,Y,Y,Y,N, 389.50 
21119 ,  38,LINEHAUL SOCAL WORK           ,       ,                 ,SAN DIEGO       ,070101,       .00 ,      ,20.13 ,03,09  ,12D,Y,Y,Y,Y,Y,N,N,  54.45 
21119 ,  39,ANTELOPE VALLEY UNIT          ,644   E,AVE P            ,PALMDALE        ,071701,       .00 ,      ,14.45 ,06,40  ,05M,Y,Y,Y,Y,Y,N,N,  46.10 
21119 ,  40,PROTOTYPES                    ,845   E,ARROW HWY        ,POMONA          ,071701,       .00 ,      ,15.15 ,02,12  ,23 ,N,Y,N,N,Y,N,N,  13.30 
21119 ,  41,ONTARIO PAROLE COMPLEX        ,1511  E,HOLT BLVD        ,ONTARIO         ,071701,       .00 ,      ,14.43 ,02,12  ,21 ,Y,Y,Y,Y,Y,N,N,  30.45 
21119 ,  42,INDIO PAROLE OFFICE           ,79-687 ,COUNTRY CLUB DR  ,BERMUDA DUNES   ,071701,       .00 ,      ,16.34 ,02,01  ,26 ,Y,Y,Y,Y,Y,N,N,  37.70 
21119 ,  43,FONTANA PAROLE UNIT           ,8621   ,JUNIPER AVE      ,FONTANA         ,071701,       .00 ,      , 9.55 ,02,03  ,07A,Y,Y,Y,Y,Y,N,N,  30.70 
21119 ,  44,MORENO VLY PAROLE UNITS #1&2  ,14327  ,FREDERICK ST     ,MORENO VALLEY   ,071701,       .00 ,      ,13.52 ,02,30  ,18A,Y,Y,Y,Y,Y,N,N,  30.45 
21119 ,  45,POMONA PAROLE UNIT            ,1295  E,HOLT AVE         ,POMONA          ,071701,       .00 ,      ,15.03 ,02,12  ,22 ,Y,Y,Y,Y,Y,N,N,  30.45 
21119 ,  46,RIVERSIDE PAROLE UNITS #1&2   ,4334   ,LATHAM ST        ,RIVERSIDE       ,071701,       .00 ,      ,14.26 ,02,30  ,20A,Y,Y,Y,Y,Y,N,N,  30.45 
21119 ,  47,SAN BERN PAROLE UNITS #1-2    ,303   W,5TH ST           ,SAN BERNARDINO  ,071701,       .00 ,      , 7.45 ,02,14  ,12C,Y,Y,Y,Y,Y,N,N,  30.45 
21119 ,  48,VICTORVILLE PAROLE UNIT       ,14040  ,PARK AVE         ,VICTORVILLE     ,071701,       .00 ,      ,13.38 ,02,05  ,16S,Y,Y,Y,Y,Y,N,N,  37.70 
21119 ,  49,SAN BERN PAROLE UNIT #3       ,303   W,5TH ST           ,SAN BERNARDINO  ,071701,       .00 ,      , 7.49 ,02,14  ,12D,Y,Y,Y,Y,Y,N,N,  30.45 
21119 ,  50,RIVERSIDE PAROLE UNIT #3      ,4354   ,LATHAM ST        ,RIVERSIDE       ,071701,       .00 ,      ,14.32 ,02,30  ,22 ,Y,Y,Y,Y,Y,N,N,  30.45 
21119 ,  51,CHULA VISTA PAROLE UNITS #1&2 ,765   W,3RD AVE          ,CHULA VISTA     ,071701,       .00 ,      , 9.10 ,03,21  ,05 ,Y,Y,Y,Y,Y,N,N,  30.45 
21119 ,  52,EL CAJON UNITS #1 & #2        ,1400  N,JOHNSON AVE      ,EL CAJON        ,071701,       .00 ,      ,16.45 ,03,19  ,08 ,Y,Y,Y,Y,Y,N,N,  30.45 
21119 ,  53,EL CENTRO PAROLE SUBUNIT      ,1699  E,MAIN ST          ,EL CENTRO       ,071701,       .00 ,      ,12.11 ,02,22  ,21 ,N,Y,N,Y,N,N,N,  22.06 
21119 ,  54,SAN DIEGO PAROLE              ,3502   ,KURTZ ST         ,SAN DIEGO       ,071701,       .00 ,      ,10.45 ,03,06  ,13 ,Y,Y,Y,Y,Y,N,N,  30.45 
21119 ,  55,W & B RE-ENTRY                ,1719   ,NATIONAL AVE     ,SAN DIEGO       ,071701,       .00 ,      ,12.16 ,03,05  ,23 ,N,Y,N,N,N,N,N,  13.29 
21119 ,  56,DEPARTMENT OF CORRECTIONS     ,2952   ,OCEANSIDE BLVD   ,OCEANSIDE       ,071701,       .00 ,      ,11.00 ,03,22  ,11B,Y,Y,Y,Y,Y,N,N,  30.45 
21119 ,  57,ESCONDIDO PAROLE OFFICE       ,1301   ,SIMPSON WAY      ,ESCONDIDO       ,071701,       .00 ,      ,13.00 ,03,04  ,11 ,Y,Y,Y,Y,Y,N,N,  30.45 
21119 ,  58,VOLUNTEERS OF AMERICA         ,650    ,11TH AVE         ,SAN DIEGO       ,071701,       .00 ,      ,12.52 ,03,03  ,26 ,N,Y,N,N,Y,N,N,  13.30 
21119 ,  59,CALIFORNIA MOTHER-INFANT PROG ,4997   ,IMPERIAL AVE     ,SAN DIEGO       ,071701,       .00 ,      , 9.39 ,03,03  ,17 ,N,N,N,N,Y,N,N,   6.65 
21119 ,  60,FRESNO PAROLE UNITS #1 & #2   ,2600   ,TULARE ST        ,FRESNO          ,071701,       .00 ,      ,15.58 ,04,02  ,13 ,Y,Y,Y,Y,Y,N,N,  32.05 
21119 ,  61,HANFORD UNIT                  ,1157  W,LACEY BLVD       ,HANFORD         ,071701,       .00 ,      ,14.20 ,04,06  ,03 ,Y,Y,Y,Y,Y,N,N,  32.05 
21119 ,  62,MADERA SUBUNIT                ,605   S,GATEWAY DR       ,MADERA          ,071701,       .00 ,      , 8.53 ,04,01  ,12 ,Y,Y,Y,Y,Y,N,N,  32.05 
21119 ,  63,VISALIA UNIT                  ,2354  S,WHITENDALE ST    ,VISALIA         ,071701,       .00 ,      ,15.42 ,04,03  ,05 ,Y,Y,Y,Y,Y,N,N,  32.05 
21119 ,  64,TURNING POINT                 ,1845  S,COURT ST         ,VISALIA         ,071701,       .00 ,      ,15.54 ,04,03  ,07 ,Y,Y,Y,Y,Y,N,N,  32.05 
21119 ,  65,TURNING POINT                 ,2369  S,G ST             ,FRESNO          ,071701,       .00 ,      ,16.18 ,04,02  ,16 ,Y,Y,Y,Y,Y,N,N,  32.05 
21119 ,  66,FRESNO PAROLE                 ,2222  S,G ST             ,FRESNO          ,071701,       .00 ,      ,16.13 ,04,02  ,15 ,Y,Y,Y,Y,Y,N,N,  32.05 
21119 ,  67,SAN LUIS PAROLE UNIT          ,3232  S,HIGUERA ST       ,SAN LUIS OBISPO ,071701,       .00 ,      ,11.00 ,05,31  ,16 ,Y,Y,Y,Y,Y,N,N,  46.10 
21119 ,  68,SAN FERNANDO VALLEY PAROLE    ,6736   ,LAUREL CANYON BL ,NORTH HOLLYWOOD ,071701,       .00 ,      ,14.25 ,06,52  ,27W,Y,Y,Y,Y,Y,N,N,  30.45 
21119 ,  69,OXNARD UNIT/VENTURA           ,1555  N,FIFTH ST         ,OXNARD          ,071701,       .00 ,      ,11.23 ,06,21  ,14 ,Y,Y,Y,Y,Y,N,N,  32.05 
21119 ,  70,SANTA BARBARA UNIT            ,411   E,CANON PERDIDO    ,SANTA BARBARA   ,071701,       .00 ,      ,15.42 ,06,56  ,18S,Y,Y,Y,Y,Y,N,N,  46.10 
21119 ,  71,ORION ST U/F                  ,8141   ,ORION ST         ,VAN NUYS        ,071701,       .00 ,      ,13.50 ,06,52  ,27A,Y,Y,Y,Y,Y,N,N,  30.45 
21119 ,  72,COMPTON UNIT #1               ,322   W,COMPTON BLVD     ,COMPTON         ,071701,       .00 ,      ,14.55 ,06,14  ,21M,Y,Y,Y,Y,Y,N,N,  30.45 
21119 ,  73,COMPTON UNIT #3               ,1957  E,DEL AMO BLVD     ,COMPTON         ,071701,       .00 ,      ,15.20 ,06,14  ,25 ,Y,Y,Y,Y,Y,N,N,  30.45 
21119 ,  74,SAN GABRIEL UNIT #1           ,1161   ,PARKVIEW         ,COVINA          ,071701,       .00 ,      , 9.22 ,06,01  ,16A,Y,Y,Y,Y,Y,N,N,  30.45 
21119 ,  75,EL MONTE UNITS #1 & #2        ,9900   ,BALDWIN PLACE    ,EL MONTE        ,071701,       .00 ,      ,12.53 ,06,10  ,19 ,Y,Y,Y,Y,Y,N,N,  30.45 
21119 ,  76,HOLLYWOOD RE-ENTRY            ,1831  N,VINE ST          ,HOLLYWOOD       ,071701,       .00 ,      ,10.45 ,06,29  ,07 ,Y,Y,Y,Y,Y,N,N,  30.45 
21119 ,  77,INGLEWOOD UNITS #2 & #3       ,101   N,LA BREA AVE      ,INGLEWOOD       ,071701,       .00 ,      ,10.00 ,06,32  ,05 ,Y,Y,Y,Y,Y,N,N,  30.45 
21119 ,  78,INGLEWOOD UNITS #4 & #5 & #6  ,101   N,LA BREA AVE      ,INGLEWOOD       ,071701,       .00 ,      ,10.05 ,06,32  ,06 ,Y,Y,Y,Y,Y,N,N,  30.45 
21119 ,  79,WORKING ALTERNATIVE           ,4026  W,CENTURY BLVD     ,INGLEWOOD       ,071701,       .00 ,      ,10.20 ,06,32  ,10 ,N,Y,N,N,Y,N,N,  13.30 
21119 ,  80,EXPOSITION PARK UNITS #1 & #2 ,600    ,ST PAUL AVE      ,LOS ANGELES     ,071701,       .00 ,      , 9.50 ,06,29  ,04 ,Y,Y,Y,Y,Y,N,N,  30.45 
21119 ,  81,HUNTINGTON PARK UNITS #1 & #2 ,8100   ,MAIE AVE         ,LOS ANGELES     ,071701,       .00 ,      ,15.52 ,06,22  ,17 ,Y,Y,Y,Y,Y,N,N,  30.45 
21119 ,  82,RESTITUTION CENTER            ,3745  S,CENTRAL AVE      ,LOS ANGELES     ,071701,       .00 ,071802,15.00 ,06,29A ,24 ,N,Y,N,N,Y,N,N,  13.28 
21119 ,  83,ECI-MARVIN GARDENS            ,9411  S,CENTRAL AVE      ,LOS ANGELES     ,071701,       .00 ,      ,15.45 ,06,22  ,16 ,N,Y,N,N,Y,N,N,  13.30 
21119 ,  84,BRIDGE BACK                   ,1730  W,VERNON AVE       ,LOS ANGELES     ,071701,       .00 ,      ,11.20 ,06,32  ,15 ,Y,Y,Y,Y,Y,N,N,  30.45 
21119 ,  85,HARBOR PAROLE UNIT            ,2165  E,SPRING ST        ,LONG BEACH      ,071701,       .00 ,      ,10.42 ,06,19  ,12 ,Y,Y,Y,Y,Y,N,N,  30.45 
21119 ,  86,LONG BEACH UNIT #1            ,2165  E,SPRING ST        ,LONG BEACH      ,071701,       .00 ,      ,10.47 ,06,19  ,13 ,Y,Y,Y,Y,Y,N,N,  30.45 
21119 ,  87,SAN GABRIEL UNIT #3           ,1837  W,BADILLO ST       ,WEST COVINA     ,071701,       .00 ,      , 9.40 ,06,01  ,20 ,Y,Y,Y,Y,Y,N,N,  30.45 
21119 ,  88,CORNELL CORRECTIONS           ,4115  W,CENTURY BLVD     ,INGLEWOOD       ,071701,       .00 ,      ,10.30 ,06,32  ,11 ,N,Y,N,N,Y,N,N,  13.30 
21119 ,  89,PASADENA UNITS #1 & #2        ,333   E,WALNUT AVE       ,PASADENA        ,071701,       .00 ,      ,11.32 ,06,10  ,13A,Y,Y,Y,Y,Y,N,N,  30.45 
21119 ,  90,VOLUNTEERS OF AMERICA         ,1765  S,LA CIENEGA BLVD  ,LOS ANGELES     ,071701,       .00 ,      ,10.45 ,06,32  ,13 ,N,N,N,N,Y,N,N,   6.65 
21119 ,  91,VOLUNTEERS OF AMERICA         ,2233  E,69TH ST          ,LONG BEACH      ,071701,       .00 ,021903,11.57 ,06,19  ,14 ,N,Y,N,N,Y,N,N,  13.30 
21119 ,  92,SANTA ANA UNITS #1 & #2       ,1600  N,MAIN ST          ,SANTA ANA       ,071701,       .00 ,      ,15.09 ,06,11  ,04F,Y,Y,Y,Y,Y,N,N,  30.45 
21119 ,  93,SANTA FE SPRINGS UNITS #1 & #2,12940  ,TELEGRAPH RD     ,SANTA FE SPRINGS,071701,       .00 ,      , 8.34 ,06,09  ,03 ,Y,Y,Y,Y,Y,N,N,  30.45 
21119 ,  94,ORANGE PAROLE UNITS #1-2      ,1400  N,BURTON PL        ,ANAHEIM         ,071701,       .00 ,      , 9.36 ,06,09  ,08A,Y,Y,Y,Y,Y,N,N,  30.45 
21119 ,  95,ORANGE COUNTY HALFWAY HOUSE   ,12702  ,JOSEPHINE ST     ,GARDEN GROVE    ,071701,       .00 ,      ,14.58 ,06,06  ,29 ,Y,Y,Y,Y,Y,N,N,  30.45 
21119 ,  96,RICHMOND PAROLE               ,2555   ,EL PORTAL DR     ,SAN PABLO       ,071701,       .00 ,      ,11.39 ,08,03  ,32 ,Y,Y,Y,Y,Y,N,N,  37.70 
21119 ,  97,OAKLAND PAROLE                ,7717   ,EDGEWATER DR     ,OAKLAND         ,071701,       .00 ,      , 7.56 ,08,03  ,03 ,Y,Y,Y,Y,Y,N,N,  37.70 
21119 ,  98,PENINSULA HALFWAY HOUSE       ,119   E,POPLAR AVE       ,SAN MATEO       ,071701,       .00 ,      ,12.45 ,08,08  ,22 ,N,Y,N,N,Y,N,N,  16.74 
21119 ,  99,CONCORD UNIT                  ,1957   ,PARKSIDE DR      ,CONCORD         ,071701,       .00 ,      ,10.59 ,08,04  ,29 ,Y,Y,Y,Y,Y,N,N,  37.70 
21119 , 100,DALY CITY UNIT                ,2171   ,JUNIPERO SERRA BL,DALY CITY       ,071701,       .00 ,      , 9.26 ,08,09  ,22 ,Y,Y,Y,Y,Y,N,N,  37.70 
21119 , 101,HAYWARD UNIT                  ,3524   ,BREAKWATER AVE   ,HAYWARD         ,071701,       .00 ,      , 8.19 ,08,15  ,03 ,Y,Y,Y,Y,Y,N,N,  37.70 
21119 , 102,OAKLAND UNIT #3/BOOT CAMP     ,7850   ,EDGEWATER DR     ,OAKLAND         ,071701,       .00 ,      , 7.53 ,08,03  ,02 ,Y,Y,Y,Y,Y,N,N,  37.70 
21119 , 103,REDWOOD UNIT                  ,538    ,JEFFERSON AVE    ,REDWOOD CITY    ,071701,       .00 ,      ,11.41 ,08,08  ,19 ,Y,Y,Y,Y,Y,N,N,  37.70 
21119 , 104,BERKELEY PAROLE               ,1950   ,UNIVERSITY AVE   ,BERKELEY        ,071701,       .00 ,      ,10.08 ,08,03  ,21A,Y,Y,Y,Y,Y,N,N,  37.70 
21119 , 105,VOLUNTEERS OF AMERICA         ,2232   ,SEMINARY AVE     ,OAKLAND         ,071701,       .00 ,      ,13.26 ,08,03  ,37 ,Y,N,Y,N,Y,N,N,  25.11 
21119 , 106,SAN FRANCISCO PAROLE #4       ,110    ,12TH ST          ,SAN FRANCISCO   ,071701,       .00 ,      ,12.11 ,08,09  ,31 ,Y,Y,Y,Y,Y,N,N,  37.70 
21119 , 107,VOLUNTEERS OF AMERICA         ,2344  E,15TH ST          ,OAKLAND         ,071701,       .00 ,      , 8.20 ,08,03  ,05 ,Y,Y,Y,Y,Y,N,N,  37.70 
21119 , 108,CORNELL CORRECTIONS           ,111    ,TAYLOR ST        ,SAN FRANCISCO   ,071701,       .00 ,      ,12.19 ,08,09  ,32 ,Y,N,Y,N,Y,N,N,  25.11 
21119 , 109,PROJECT PRIDE                 ,2551   ,SAN PABLO AVE    ,OAKLAND         ,071701,       .00 ,      , 9.49 ,08,03  ,19 ,N,Y,N,N,Y,N,N,  16.74 
21119 , 110,SAN JOSE UNITS #1-#5-#7       ,909    ,COLEMAN AVE      ,SAN JOSE        ,071701,       .00 ,      ,12.44 ,08,07  ,21 ,Y,Y,Y,Y,Y,N,N,  37.70 
21119 , 111,SAN JOSE UNITS #2 & #4        ,165    ,LEWIS RD         ,SAN JOSE        ,071701,       .00 ,      ,12.10 ,08,07  ,20A,Y,Y,Y,Y,Y,N,N,  37.70 
21119 , 112,SANTA CRUZ UNIT               ,3030   ,SOQUEL AVE       ,SANTA CRUZ      ,071701,       .00 ,      ,10.30 ,08,07  ,17 ,Y,Y,Y,Y,Y,N,N,  37.70 
21119 , 113,SANTA ROSA UNITS #1 & #2      ,3222   ,AIRWAY DR        ,SANTA ROSA      ,071701,       .00 ,      , 9.47 ,08,05  ,09 ,Y,Y,Y,Y,Y,N,N,  46.10 
21119 , 114,UKIAH UNIT                    ,798   N,STATE ST         ,UKIAH           ,071701,       .00 ,      ,12.00 ,NC,01  ,33T,Y,N,Y,N,Y,N,N,  46.92 
21119 , 115,VALLEJO UNIT                  ,1840   ,CAPITOL ST       ,VALLEJO         ,072701,       .00 ,      ,11.29 ,08,10  ,24 ,Y,Y,Y,Y,Y,N,N,  32.05 
21119 , 116,AUBURN UNIT                   ,1915   ,GRASS VALLEY HWY ,AUBURN          ,071701,       .00 ,      , 9.54 ,11,05  ,16A,Y,Y,Y,Y,Y,N,N,  32.05 
21119 , 117,E VEITT C C                   ,3601   ,52ND AVE         ,SACRAMENTO      ,071701,       .00 ,063002,11.52 ,11,01A ,17 ,Y,Y,Y,Y,Y,N,N,  32.05 
21119 , 118,SACRAMENTO NATOMAS UNIT       ,5410   ,AUBURN BLVD      ,SACRAMENTO      ,071701,       .00 ,      ,11.42 ,11,05  ,23A,Y,Y,Y,Y,Y,N,N,  32.05 
21119 , 119,SACRAMENTO SOUTH UNIT         ,6540   ,FORTY-FOURTH ST  ,SACRAMENTO      ,071701,       .00 ,      ,11.08 ,11,01  ,29 ,Y,Y,Y,Y,Y,N,N,  32.05 
21119 , 120,WOODLAND PAROLE SUBUNIT       ,814    ,COURT ST         ,WOODLAND        ,071701,       .00 ,      ,14.28 ,11,04  ,14 ,N,Y,Y,Y,Y,N,N,  27.92 
21119 , 121,MONTEREY BAY UNIT             ,365    ,VICTOR ST        ,SALINAS         ,071701,       .00 ,      ,12.13 ,14,07  ,16 ,Y,Y,Y,Y,Y,N,N,  37.70 
21119 , 122,FRIENDS OUTSIDE               ,116    ,SAN LUIS ST      ,SALINAS         ,071701,       .00 ,      ,12.03 ,14,07  ,15 ,Y,Y,Y,Y,Y,N,N,  32.05 
21119 , 123,CERES UNIT                    ,2445   ,WHITMORE AVE     ,CERES           ,071701,       .00 ,      , 9.14 ,14,02  ,18A,Y,Y,Y,Y,Y,N,N,  32.05 
21119 , 124,MODESTO UNIT                  ,1001   ,NEEDHAM ST       ,MODESTO         ,071701,       .00 ,      , 9.44 ,14,02  ,22 ,Y,Y,Y,Y,Y,N,N,  32.05 
21119 , 125,CHICO PAROLE OFFICE           ,1370   ,RIDGEWOOD DR     ,CHICO           ,071701,       .00 ,      ,10.05 ,11,04M ,08 ,Y,Y,Y,Y,Y,N,N,  37.70 
21119 , 126,MARYSVILLE PAROLE             ,201    ,D ST             ,MARYSVILLE      ,071701,       .00 ,      ,13.18 ,11,04M ,13 ,Y,Y,Y,Y,Y,N,N,  37.70 
21119 , 127,REDDING UNIT                  ,2250   ,BENTON RD        ,REDDING         ,071701,       .00 ,      ,12.00 ,RP,01  ,35A,Y,Y,Y,Y,Y,N,N,  37.70 
21119 , 128,SHASTA SIERRA                 ,1727   ,SOUTH ST         ,REDDING         ,071701,       .00 ,      ,11.40 ,RP,01  ,36A,Y,Y,Y,Y,Y,N,N,  37.70 
21119 , 129,RED BLUFF PAROLE              ,22855  ,ANTELOPE RD      ,RED BLUFF       ,071701,       .00 ,      ,12.00 ,RP,01  ,37 ,Y,Y,Y,Y,Y,N,N,  37.70 
21119 , 130,ORANGE PAROLE OFFICE          ,2911  E,CORONADO ST      ,ANAHEIM         ,071701,       .00 ,      , 9.52 ,06,09  ,09B,Y,Y,Y,Y,Y,N,N,  30.45 
21119 , 131,VOLUNTEERS OF AMERICA         ,624    ,14TH ST          ,OAKLAND         ,071701,       .00 ,      , 9.43 ,08,03  ,18 ,Y,Y,Y,Y,Y,N,N,  37.70 
21119 , 132,INGLEWOOD PAROLE              ,101   N,LA BREA AVE      ,INGLEWOOD       ,071701,       .00 ,      ,10.07 ,06,32  ,06A,Y,Y,Y,Y,Y,N,N,  30.45 
21119 , 133,VAN NUYS PAROLE               ,6736   ,LAUREL CANYON BL ,NORTH HOLLYWOOD ,071701,       .00 ,      ,14.15 ,06,52  ,27N,Y,Y,Y,Y,Y,N,N,  30.45 
21119 , 134,PICO UNION CCRC               ,1032  W,18TH ST          ,LOS ANGELES     ,071701,       .00 ,      ,11.45 ,06,29  ,11 ,N,Y,N,N,Y,N,N,  13.30 
21119 , 135,CALIPATRIA PRISON             ,7018   ,BLAIR RD         ,CALIPATRIA      ,071901,       .00 ,      ,11.24 ,02,22  ,20 ,N,Y,N,Y,N,N,N,  44.12 
21119 , 136,BAKERSFIELD UNITS #1-2        ,1128   ,TRUXTON AVE      ,BAKERSFIELD     ,071801,       .00 ,      ,10.40 ,05,09  ,13 ,Y,Y,Y,Y,Y,N,N,  32.05 
21119 , 137,JUNIPERO SIERRA INN           ,700    ,19TH ST          ,BAKERSFIELD     ,071801,       .00 ,043003,10.35 ,05,09  ,12 ,Y,Y,Y,Y,Y,N,N,  32.05 
21119 , 138,TURNING POINT BAKERSFIELD     ,1101   ,UNION AVE        ,BAKERSFIELD     ,071801,       .00 ,      ,10.30 ,05,09  ,11 ,Y,Y,Y,Y,Y,N,N,  32.05 
21119 , 139,DESERT COUNSELING CLINIC      ,2913  S,H ST             ,BAKERSFIELD     ,071901,       .00 ,043002,11.30 ,05,09  ,14 ,Y,N,N,Y,N,N,N,  16.74 
21119 , 140,BAKERSFIELD PAROLE UNIT 3-4-6 ,3416  N,SILLECT AVE      ,BAKERSFIELD     ,071801,       .00 ,      ,11.45 ,05,05  ,11 ,Y,Y,Y,Y,Y,N,N,  32.05 
21119 , 141,BAKERSFIELD PAROLE UNIT #5    ,3416  N,SILLECT AVE      ,BAKERSFIELD     ,071801,       .00 ,      ,11.50 ,05,05  ,11A,Y,Y,Y,Y,Y,N,N,  32.05 
21119 , 142,HOFFMAN HOUSE                 ,940    ,DAWSON AVE       ,LONG BEACH      ,071801,       .00 ,      ,10.27 ,06,19  ,05M,Y,N,Y,N,Y,N,N,  25.11 
21119 , 143,BEACH HAVEN LODGE             ,834    ,PACIFIC AVE      ,LONG BEACH      ,071801,       .00 ,      ,10.00 ,06,19  ,04M,Y,N,Y,N,N,N,N,  16.74 
21119 , 144,FAMILY FOUNDATION PROGRAM     ,11121  ,BLOOMFIELD AVE   ,SANTA FE SPRINGS,071901,       .00 ,      , 8.44 ,06,09  ,04B,Y,N,N,N,Y,N,N,  13.30 
21119 , 145,FAMILY FOUNDATION PROGRAM     ,3050   ,ARMSTRONG ST     ,SAN DIEGO       ,071801,       .00 ,      ,11.20 ,03,06  ,15A,Y,N,N,Y,N,N,N,  12.40 
21119 , 146,FAIRFIELD PAROLE SUB UNIT     ,2333   ,COURAGE DR       ,FAIRFIELD       ,072601,       .00 ,      ,11.06 ,08,10  ,23 ,Y,Y,Y,Y,Y,N,N,  32.05 
21119 , 147,SAN DIEGO REFERENCE LAB       ,6122   ,NANCY RIDGE DR   ,SAN DIEGO       ,030191,       .00 ,      , 9.15 ,06,43  ,01H,N,Y,Y,Y,Y,Y,N,    .00 
21119 , 148,SAN FRANCISCO PAROLE #1-2-3   ,2081   ,MISSION ST       ,SAN FRANCISCO   ,100101,       .00 ,      ,12.05 ,08,09  ,30 ,Y,Y,Y,Y,Y,N,N,  37.70 
21119 , 149,SAN DIEGO REFERENCE LAB       ,6122   ,NANCY RIDGE RD   ,SAN DIEGO       ,100101,       .00 ,      ,  .39 ,03,09  ,18 ,Y,Y,Y,Y,Y,N,N,  30.45 
21119 , 150,L.A. PAROLE                   ,2444   ,ALAMEDA ST       ,LOS ANGELES     ,100101,       .00 ,      , 9.15 ,06,29  ,02R,Y,Y,Y,Y,Y,N,N,  30.45 
21119 , 151,SANTA MARIA PAROLE            ,304    ,CARMEN LN        ,SANTA MARIA     ,042202,       .00 ,      , 8.43 ,05,07  ,07T,Y,Y,Y,Y,Y,N,N,  46.10 
21119 , 152,SALINAS VALLEY STATE PRISON   ,31625  ,HWY 101          ,SOLEDAD         ,122702,       .00 ,      ,11.08 ,14,07  ,13 ,N,Y,N,N,Y,N,N,  36.30 
20111 ,   1,JEFF CZACHOW                  ,8139   ,LENA AVE         ,WEST HILLS      ,030900,    134.30 ,041202,22.40 ,06,18  ,04P,Y,Y,Y,Y,Y,N,N,    .00 
20111 ,   2,CHRISTOPHER FLEMING           ,18338 E,VALLEY BLVD      ,LA PUENTE       ,030900,    134.30 ,081500,21.30 ,06,26  ,03B,Y,Y,Y,Y,Y,N,N,    .00 
20111 ,   3,APODACA LARRY ,204   S,OLIVE            ,ALHAMBRA        ,030900,    136.14 ,      ,21.55 ,06,26  ,05K,Y,Y,Y,Y,Y,N,N,    .00 
20111 ,   4,DAVID GLASSBURN               ,2214  W,ALHAMBRA RD      ,ALHAMBRA        ,030900,    134.30 ,080600,22.00 ,06,26  ,05G,Y,Y,Y,Y,Y,N,N,    .00 
20111 ,   5,ANDREW SCHAFFER               ,2720  W,VICTORY BLVD     ,BURBANK         ,030900,    134.30 ,031000,11.00 ,06,99C ,02F,Y,Y,Y,Y,Y,N,N,    .00 
20111 ,   6,ED HABIB                      ,5946   ,OAKDALE AVE      ,WOODLAND HILLS  ,071100,    134.30 ,100300,22.35 ,06,18  ,04G,Y,Y,Y,Y,Y,N,N,    .00 
20111 ,   7,LARRY JONES                   ,6530   ,INDEPENDENCE AVE ,CANOGA PARK     ,081500,    134.30 ,013102,23.15 ,06,18  ,04S,Y,Y,Y,Y,Y,N,N,    .00 
20111 ,   8,EVA AVILA                     ,13600  ,DOTY AVE         ,HAWTHORNE       ,042403,    136.14 ,      ,22.45 ,06,58  ,05B,Y,Y,Y,Y,Y,N,N,    .00 
20129 ,   2,RIVERSIDE COUNTY'S C U        ,6403   ,RIVERSIDE AVE    ,RIVERSIDE       ,061200,    121.77 ,062701,18.50 ,02,30  ,14M,Y,Y,Y,Y,Y,N,N,    .00 
20129 ,   3,RIVERSIDE COUNTY'S CU         ,36-101 ,BOB HOPE DR      ,RANCHO MIRAGE   ,061200,    138.37 ,062701,16.30 ,02,01  ,22H,Y,Y,Y,Y,Y,N,N,    .00 
20129 ,   4,RIVERSIDE COUNTY'S C.U.       ,390    ,MCKINLEY AVE     ,CORONA          ,061200,    121.77 ,062701,18.19 ,02,24  ,25M,Y,Y,Y,Y,Y,N,N,    .00 
20129 ,   5,RIVERSIDE COUNTY'S CU         ,12125  ,DAY ST           ,MORENO VALLEY   ,061200,    121.77 ,062701,17.55 ,02,21  ,25M,Y,Y,Y,Y,Y,N,N,    .00 
20129 ,   6,RIVERSIDE COUNTY'S CU         ,11840  ,MAGNOLIA AVE     ,RIVERSIDE       ,061200,    121.77 ,062701,18.24 ,02,24  ,25S,Y,Y,Y,Y,Y,N,N,    .00 
20129 ,   7,RIVERSIDE COUNTY'S C.U.       ,3450   ,13TH ST          ,RIVERSIDE       ,061200,    121.77 ,062701,20.00 ,02,32  ,18M,Y,Y,Y,Y,Y,N,N,    .00 
20129 ,   8,RIVERSIDE COUNTY'S C.U.       ,81-096 ,HWY 111          ,INDIO           ,061200,    138.37 ,062701,16.17 ,02,01  ,21M,Y,Y,Y,Y,Y,N,N,    .00 
20129 ,   9,RIVERSIDE COUNTY'S C.U.       ,480   N,STATE ST         ,SAN JACINTO     ,061200,    138.37 ,062701,17.35 ,02,21  ,24M,Y,Y,Y,Y,Y,N,N,    .00 
20129 ,  10,WESCORP                       ,924    ,OVERLAND CT      ,SAN DIMAS       ,061200,    276.75 ,062701,21.45 ,02,09  ,12E,Y,Y,Y,Y,Y,N,N,    .00 
20129 ,  11,RIVERSIDE COUNTY'S CU         ,3450   ,13TH ST          ,RIVERSIDE       ,090100,     97.41 ,062701, 8.25 ,02,13  ,06M,Y,Y,Y,Y,Y,N,N,    .00 
99161 ,   1,PACIFIC MUTUAL INSURANCE      ,700    ,NEWPORT CENTER DR,NEWPORT BEACH   ,021886,    144.15 ,      ,14.10 ,06,03  ,21A,Y,Y,Y,Y,Y,N,N,    .00 
99161 ,   2,BANK OF AMERICA #1020         ,500    ,NEWPORT CENTER DR,NEWPORT BEACH   ,021886,     54.92 ,      ,14.23 ,06,03  ,22B,Y,Y,Y,Y,Y,N,N,    .00 
99163 ,   2,BANK OF AMERICA OPS CENTER    ,1000   ,TEMPLE ST        ,LOS ANGELES     ,112994,    127.55 ,      ,21.58 ,02,26  ,09A,Y,Y,Y,Y,Y,N,N,    .00 
99170 ,   2,RALPHS MKT #194 MAIL          ,14528  ,PALMDALE AVE     ,VICTORVILLE     ,010700,     26.99 ,      , 8.01 ,02,05  ,02M,N,N,N,Y,N,N,N,    .00 
99170 ,   3,RALPHS MKT #138 MAIL          ,3533   ,CANNON RD        ,OCEANSIDE       ,061500,     23.19 ,      ,11.42 ,03,22  ,14C,N,N,N,Y,N,N,N,    .00 
99170 ,   4,RALPHS MKT #298 MAIL          ,4251   ,OCEANSIDE BLVD   ,OCEANSIDE       ,061500,     23.19 ,      ,11.23 ,03,22  ,13D,N,N,N,Y,N,N,N,    .00 
99170 ,   5,RALPHS MKT #002 MAIL          ,471    ,COLLEGE BLVD     ,OCEANSIDE       ,061500,     23.19 ,      ,11.14 ,03,22  ,12A,N,N,N,Y,N,N,N,    .00 
99170 ,   6,RALPHS MKT #109 MAIL          ,1702   ,OCEANSIDE BLVD   ,OCEANSIDE       ,061500,     23.19 ,      ,10.24 ,03,22  ,08 ,N,N,N,Y,N,N,N,    .00 
99170 ,   7,RALPHS MKT #175 MAIL          ,7140   ,AVENIDA ENCINAS  ,CARLSBAD        ,061500,     23.19 ,      ,10.10 ,03,10  ,13 ,N,N,N,Y,N,N,N,    .00 
99170 ,   8,RALPHS MKT #168 MAIL          ,125   N,EL CAMINO REAL   ,ENCINITAS       ,061500,     23.19 ,      ,11.32 ,03,10  ,20 ,N,N,N,Y,N,N,N,    .00 
99170 ,   9,RALPHS MKT #167 MAIL          ,3455   ,DEL MAR HEIGHTS  ,DEL MAR         ,061500,     23.19 ,      , 9.45 ,03,10  ,11A,N,N,N,Y,N,N,N,    .00 
99170 ,  10,RALPHS MKT #108 MAIL          ,8657   ,VILLA LA JOLLA DR,LA JOLLA        ,061500,     23.19 ,      , 7.22 ,03,11  ,02E,N,N,N,Y,N,N,N,    .00 
99170 ,  11,RALPHS MKT #107 MAIL          ,4239   ,GENESEE AVE      ,SAN DIEGO       ,061500,     23.19 ,      ,11.33 ,03,06  ,16 ,N,N,N,Y,N,N,N,    .00 
99170 ,  12,RALPHS MKT #207 MAIL          ,4315   ,MISSION BLVD     ,PACIFIC BEACH   ,061500,     23.19 ,      ,11.59 ,03,06  ,18B,N,N,N,Y,N,N,N,    .00 
99170 ,  13,RALPHS MKT #106 MAIL          ,3515   ,SPORTS ARENA BLVD,SAN DIEGO       ,061500,     23.19 ,      ,10.55 ,03,06  ,13M,N,N,N,Y,N,N,N,    .00 
99170 ,  14,RALPHS MKT #077 MAIL          ,5680   ,MISSION CENTER RD,SAN DIEGO       ,061500,     23.19 ,      , 7.07 ,03,07  ,04A,N,N,N,Y,N,N,N,    .00 
99170 ,  15,RALPHS MKT #051 MAIL          ,1020   ,UNIVERSITY AVE   ,SAN DIEGO       ,061500,     23.19 ,      ,13.20 ,03,06  ,21B,N,N,N,Y,N,N,N,    .00 
99170 ,  16,RALPHS MKT #123 MAIL          ,101    ,G ST             ,SAN DIEGO       ,061500,     23.19 ,      , 8.52 ,03,03  ,13C,N,N,N,Y,N,N,N,    .00 
99170 ,  17,RALPHS MKT #159 MAIL          ,3011   ,ALTA VIEW DR     ,SAN DIEGO       ,061500,     23.19 ,      ,10.12 ,03,03  ,21 ,N,N,N,Y,N,N,N,    .00 
99170 ,  18,RALPHS MKT #057 MAIL          ,2652   ,JAMACHA RD       ,EL CAJON        ,061500,     23.19 ,      ,10.51 ,03,15  ,14 ,N,N,N,Y,N,N,N,    .00 
99170 ,  19,RALPHS MKT #102 MAIL          ,300   N,2ND ST           ,EL CAJON        ,061500,     23.19 ,      ,11.08 ,03,15  ,16B,N,N,N,Y,N,N,N,    .00 
99170 ,  20,RALPHS MKT #103 MAIL          ,8788   ,NAVAJO RD        ,SAN DIEGO       ,061500,     23.19 ,      , 9.10 ,03,15  ,07 ,N,N,N,Y,N,N,N,    .00 
99170 ,  21,RALPHS MKT #104 MAIL          ,8800   ,GROSSMONT BLVD   ,LA MESA         ,061500,     23.19 ,      , 7.57 ,03,15  ,02A,N,N,N,Y,N,N,N,    .00 
99170 ,  22,RALPHS MKT #220 MAIL          ,6670   ,MONTEZUMA RD     ,SAN DIEGO       ,061500,     23.19 ,      ,11.25 ,03,14  ,13A,N,N,N,Y,N,N,N,    .00 
99170 ,  23,RALPHS MKT #035 MAIL          ,9440   ,MIRA MESA BLVD   ,MIRA MESA       ,061500,     23.19 ,      ,12.57 ,03,05  ,25 ,N,N,N,Y,N,N,N,    .00 
99170 ,  24,RALPHS MKT #019 MAIL          ,11875  ,CARMEL MT RD     ,SAN DIEGO       ,061500,     23.19 ,      , 9.01 ,03,05  ,08A,N,N,N,Y,N,N,N,    .00 
99170 ,  25,RALPHS MKT #183 MAIL          ,15727  ,BERNARDO HEIGHTS ,RANCHO BERNARDO ,061500,     23.19 ,      ,10.05 ,03,05  ,13 ,N,N,N,Y,N,N,N,    .00 
99170 ,  26,RALPHS MKT #0197 MAIL         ,1315  E,VALLEY PKWY      ,ESCONDIDO       ,061500,     23.19 ,      ,11.16 ,03,07  ,23 ,N,N,N,Y,N,N,N,    .00 
99170 ,  27,RALPHS MKT #090 MAIL          ,2417  E,VALLEY PKWY      ,ESCONDIDO       ,061500,     23.19 ,      ,11.34 ,03,07  ,26 ,N,N,N,Y,N,N,N,    .00 
99170 ,  28,RALPHS MKT #654 MAIL          ,1058   ,3RD AVE          ,CHULA VISTA     ,061500,     23.19 ,      ,10.00 ,03,21  ,09 ,N,N,N,Y,N,N,N,    .00 
99170 ,  29,RALPHS MKT #075 MAIL          ,780    ,OTAY LAKES RD    ,CHULA VISTA     ,061500,     23.19 ,      , 8.00 ,03,21  ,02 ,N,N,N,Y,N,N,N,    .00 
99170 ,  30,RALPHS MKT #101 MAIL          ,901    ,EUCILD AVE       ,NATIONAL CITY   ,061500,     23.19 ,      , 9.53 ,03,03  ,19 ,N,N,N,Y,N,N,N,    .00 
99170 ,  31,RALPHS MKT #011 MAIL          ,11647  ,CHERRY AVE       ,FONTANA         ,061500,     23.19 ,      , 9.12 ,02,12  ,03A,N,N,N,Y,N,N,N,    .00 
99170 ,  32,RALPHS MKT #737 MAIL          ,2008  N,RIVERSIDE AVE    ,RIALTO          ,061500,     23.19 ,      , 9.28 ,02,03  ,04A,N,N,N,Y,N,N,N,    .00 
99170 ,  33,RALPHS MKT #607               ,541   W,MARSHALL BLVD    ,SAN BERNARDINO  ,061500,     23.19 ,013101,10.30 ,02,99  ,21H,N,N,N,Y,N,N,N,    .00 
99170 ,  34,RALPHS MKT #753 MAIL          ,4444   ,UNIVERSITY PKWY  ,SAN BERNARDINO  ,061500,     23.19 ,      , 9.17 ,02,14  ,21 ,N,N,N,Y,N,N,N,    .00 
99170 ,  35,RALPHS MKT #144 MAIL          ,6155   ,MAGNOLIA AVE     ,RIVERSIDE       ,061500,     23.19 ,      , 9.50 ,02,19  ,17 ,N,N,N,Y,N,N,N,    .00 
99170 ,  36,RALPHS MKT #609 MAIL          ,5225   ,CANYON CREST DR  ,RIVERSIDE       ,061500,     23.19 ,      , 7.27 ,02,10  ,03A,N,N,N,Y,N,N,N,    .00 
99170 ,  37,RALPHS MKT #145 MAIL          ,315   E,ALESSANDRO BLVD  ,RIVERSIDE       ,061500,     23.19 ,      ,12.00 ,02,30  ,12C,N,N,N,Y,N,N,N,    .00 
99170 ,  38,RALPHS MKT #142 MAIL          ,40355  ,WINCHESTER RD    ,TEMECULA        ,061500,     23.19 ,      ,10.18 ,02,10  ,15B,N,N,N,Y,N,N,N,    .00 
99170 ,  39,RALPHS MKT #735 MAIL          ,40473  ,MURRIETA HOT SPRG,MURRIETA        ,061500,     23.19 ,      ,11.43 ,02,10  ,17A,N,N,N,Y,N,N,N,    .00 
99170 ,  40,RALPHS MKT #747 MAIL          ,40545  ,CALIFORNIA OAKS R,MURRIETA        ,061500,     23.19 ,      , 9.05 ,02,10  ,07C,N,N,N,Y,N,N,N,    .00 
99170 ,  41,RALPHS MKT #140 MAIL          ,30125  ,ANTELOPE RD      ,MENIFEE         ,061500,     23.19 ,      ,15.14 ,02,21  ,14 ,N,N,N,Y,N,N,N,    .00 
99170 ,  42,RALPHS MKT #722 MAIL          ,14930  ,PERRIS BLVD      ,MORENO VALLEY   ,061500,     23.19 ,      ,10.51 ,02,30  ,05 ,N,N,N,Y,N,N,N,    .00 
99170 ,  43,RALPHS MKT #092 MAIL          ,12625  ,FREDRICKS ST     ,MORENO VALLEY   ,061500,     23.19 ,      ,10.36 ,02,30  ,03A,N,N,N,Y,N,N,N,    .00 
99170 ,  44,RALPHS MKT #152 MAIL          ,23575  ,SUNNYMEAD RANCH P,SUNNYMEAD       ,061500,     23.19 ,      ,11.05 ,02,30  ,07B,N,N,N,Y,N,N,N,    .00 
99170 ,  45,RALPHS MKT #602               ,425   S,SUNRISE WAY      ,PALM SPRINGS    ,061500,     23.19 ,021003,12.19 ,02,01  ,13H,N,N,N,Y,N,N,N,    .00 
99170 ,  46,RALPHS MKT #181 MAIL          ,1733  E,PALM CANYON DR   ,PALM SPRINGS    ,061500,     23.19 ,      ,12.10 ,02,01  ,13 ,N,N,N,Y,N,N,N,    .00 
99170 ,  47,RALPHS MKT #027 MAIL          ,74-884 ,COUNTRY CLUB DR  ,PALM DESERT     ,061500,     23.19 ,      , 9.44 ,02,01  ,02 ,N,N,N,Y,N,N,N,    .00 
99170 ,  48,RALPHS MKT #179 MAIL          ,74-895 ,HWY 111          ,INDIAN WELLS    ,061500,     23.19 ,      ,10.02 ,02,01  ,05A,N,N,N,Y,N,N,N,    .00 
99170 ,  49,RALPHS MKT #195 MAIL          ,50-929 ,WASHINGTON ST    ,LA QUINTA       ,061500,     23.19 ,      ,10.29 ,02,01  ,08C,N,N,N,Y,N,N,N,    .00 
99170 ,  50,RALPHS MKT #601 MAIL          ,81-743 ,46TH AVE         ,INDIO           ,061500,     23.19 ,      ,10.54 ,02,01  ,10 ,N,N,N,Y,N,N,N,    .00 
99170 ,  51,RALPHS MKT #681 MAIL          ,42-150 ,WASHINGTON ST    ,BERMUDA DUNES   ,102600,     23.19 ,      ,10.14 ,02,01  ,07C,N,N,N,Y,N,N,N,    .00 
99170 ,  52,RALPHS MKT #114 MAIL          ,14574  ,BASELINE RD      ,FONTANA         ,080901,     23.19 ,      ,10.10 ,02,03  ,08E,N,N,N,Y,N,N,N,    .00 
99170 ,  53,RALPHS MKT #686 MAIL          ,33145  ,HWY 79 S         ,TEMECULA        ,111501,     23.19 ,      ,10.10 ,02,10  ,14C,N,N,N,Y,N,N,N,    .00 
99170 ,  54,RALPHS MKT #160 MAIL          ,49980  ,JEFFERSON ST     ,INDIO           ,021102,     23.19 ,      ,10.40 ,02,01  ,09C,N,N,N,Y,N,N,N,    .00 
99170 ,  55,RALPHS MKT #118 MAIL          ,23801  ,WASHINGTON AVE   ,MURRIETA        ,111502,     23.19 ,      , 9.27 ,02,10  ,09B,N,N,N,Y,N,N,N,    .00 
99170 ,  56,RALPHS MKT #683 MAIL          ,306    ,TWIN OAKS VALLEY ,SAN MARCOS      ,021402,     23.19 ,      , 9.50 ,03,07  ,14C,N,N,N,Y,N,N,N,    .00 
99170 ,  57,RALPHS MKT #235 MAIL          ,659   E,PALOMAR ST       ,CHULA VISTA     ,021402,     23.19 ,      , 8.55 ,03,21  ,04B,N,N,N,Y,N,N,N,    .00 
